msg_id,tag,agg_labels,db_labels,km_labels
<20050616172558.24074633CF@example.com>,Phish,9,-1,68
<200502211804.NAA02450@mail.example.com>,Phish,14,-1,17
<200503031932.OAA15546@mail.example.com>,Phish,14,-1,17
<E1DCFRG-00047v-RP@server973.lollo.net>,Phish,4,-1,26
<E1DCFRG-00047r-PQ@server973.lollo.net>,Phish,4,-1,26
<200506281605.j5SG5IpT077759@dedicated.choopa.com>,Phish,15,-1,2
<200506291723.NAA31549@mail.example.com>,Phish,15,-1,2
<E1DnNFF-000614-4w@saturn.yourhostserver.com>,Phish,16,-1,49
<E1Di3Gn-0007Br-Bk@krypton.showeb.nl>,Phish,16,-1,58
<20050630203849.86BD016401@mail.example.com>,Phish,9,-1,68
<200507020500.BAA12022@mail.example.com>,Phish,35,-1,0
<200507030517.BAA16849@mail.example.com>,Phish,4,-1,34
<20050705033511.092C617521D@baracus.dreamhost.com>,Phish,18,-1,21
<200507061621.MAA00139@mail.example.com>,Phish,34,-1,45
<200506301936.PAA05324@mail.example.com>,Phish,9,-1,24
<200506302102.j5UL2UXt029966@looking-glass.singtel.com.hk>,Phish,14,-1,17
<E1DoOpM-0001YW-5e@hummer.mediajuice.net>,Phish,14,-1,17
<ATPPFKSBZBPMXBGNFWWW@verizon.net>,Phish,34,-1,45
<ATPPFKSBZBPMXBGNFWWW@verizon.net>,Phish,34,-1,45
<1120419213.233486.qmail@lasallebank.com>,Phish,0,-1,41
<1120419213.233487.qmail@lasallebank.com>,Phish,0,-1,41
<456ad26ba15fccba83f9f42dc088a989@server1.webflashweb.com>,Phish,18,0,21
<ecf57bf94632f7f66df0cd977fefcc28@server1.webflashweb.com>,Phish,18,0,21
<7210381120741406@pool-71-110-105-219.lsanca.dsl-w.verizon.net>,Phish,21,-1,54
<1120779411.3090.qmail@lasallebank.com>,Phish,0,-1,41
<20050708021156.34CE6164A9@mail.example.com>,Phish,9,-1,68
<200507080109.VAA07188@mail.example.com>,Phish,9,-1,24
<200507100233.WAA17368@mail.example.com>,Phish,4,-1,34
<MZOOGXXLCSXOVXGKRCSU@charter.net>,Phish,4,-1,26
<200507141217.IAA05588@mail.example.com>,Phish,15,-1,21
<NSLBBLLQBUGATMDJMCTB@hotmail.com>,Phish,4,-1,26
<200507152331.TAA13388@mail.example.com>,Phish,35,-1,0
<200507161314.JAA15745@mail.example.com>,Phish,35,-1,0
<200507170630.j6H6UKWq006487@ns.cwplus.com>,Phish,4,-1,20
<E1Dt7E9-0002QC-P0@saturn.yourhostserver.com>,Phish,16,-1,49
<200507161726.NAA16630@mail.example.com>,Phish,9,-1,68
<20050720163959.73EC61647C@mail.example.com>,Phish,9,-1,68
<200507202214.SAA04686@mail.example.com>,Phish,35,-1,0
<0044801187.20050720113441@southtrust.com>,Phish,3,-1,37
<200507201537.LAA02978@mail.example.com>,Phish,9,-1,24
<200507211622.MAA08859@mail.example.com>,Phish,4,-1,25
<200507212219.j6LMJW424720@hyps.mysch.net>,Phish,14,-1,17
<200507231005.j6NA5JMi009389@naweekly.com.tw>,Phish,18,-1,21
<IDZUOOOQMMXNGDSBKVXW@yahoo.com>,Phish,4,-1,26
<1122151120.18625.qmail@bankofthewest.com>,Phish,4,-1,26
<GPTHKILUTGDWHUQOGPDBCMRK@charter.net>,Phish,4,-1,26
<20050724063554.E892147EDF@eggis.homeip.net>,Phish,14,-1,17
<200507250002.UAA23954@mail.example.com>,Phish,35,-1,0
<20050724105027.3B4F71CAB1@clust07-www04.powweb.com>,Phish,16,-1,49
<200507241605.j6OG564E002142@humerus.ctrl.ucla.edu>,Phish,34,-1,45
<GKLNJIZSOFEOJYAEAEUOYRP@hotmail.com>,Phish,4,-1,34
<E1DwtKM-0008E0-4E@alpha.whbdns.com>,Phish,4,-1,26
<DAHIGJHUQNNIXAXZLRIVB@yahoo.com>,Phish,16,-1,58
<200508100530.BAA00183@mail.example.com>,Phish,15,-1,2
<20050810065135.685F9621C9E@mail.example.com>,Phish,9,-1,68
<QSCBOPPRXLVJHTFBHQCMY@earthlink.net>,Phish,4,-1,25
<001101c2c9fb$9ae34a09$8ead4acb@deutschebanc.de>,Phish,21,-1,54
<000001c2c9fb$182e190c$0383524b@deutschebanc.de>,Phish,21,-1,54
<000001c2c9fc$a7556ed5$3d69a84e@deutschebanc.de>,Phish,21,-1,54
<010001c2c9fc$ac9415ca$9e211a0a@deutschebanc.de>,Phish,21,-1,54
<20050729011538.2ABA8487C2@linux.local>,Phish,14,-1,17
<E1Dzf3A-0003m3-PP@matrix.pilotservers.com>,Phish,16,-1,58
<DBKRXTPTXYBJVSYRPNYQGG@aol.com>,Phish,16,-1,41
<20050806192810.26882.qmail@plesk.ecure.nl>,Phish,14,-1,17
<E1E1YzY-0001Qs-5q@franz.inode.at>,Phish,15,-1,49
<200508090330.j793U0928052@pluto.conawaybrown.com>,Phish,16,-1,21
<!~!17B2F081c3858$508b8$42F83E8C@visa.com>,Phish,4,-1,34
<200508100651.CAA00417@mail.example.com>,Phish,9,-1,68
<1123670268.51593.qmail@bankofamerica.com>,Phish,14,-1,17
<1123670269.51594.qmail@bankofamerica.com>,Phish,14,-1,17
<1123673807.44208.qmail@paypal.com>,Phish,16,-1,49
<100101c59ebf$d57ab393$d08b0e72@postbank.de>,Phish,21,-1,54
<1123804388.24370.qmail@arribada.paypal.com>,Phish,16,-1,49
<20050812042914.247101EC312@pasmtp.tele.dk>,Phish,0,-1,41
<200508120550.BAA10343@mail.example.com>,Phish,14,-1,17
<200508140934.FAA20588@mail.example.com>,Phish,16,-1,41
<200508140948.FAA20648@mail.example.com>,Phish,16,-1,41
<200508141458.KAA21752@mail.example.com>,Phish,34,-1,45
<ILKNWPWHDAIPJDYUPAMIK@yahoo.com>,Phish,34,-1,45
<E1E4mxF-0007Ty-Td@franz.inode.at>,Phish,4,-1,44
<4471453918.20050815170047@deutsche-bank.de>,Phish,21,-1,54
<7374104805.20050815170122@deutsche-bank.de>,Phish,21,-1,54
<E1E4qkm-0006rE-K8@franz.inode.at>,Phish,4,-1,44
<20050817040430.042E779C85E@asia.ibbmonitor.com>,Phish,18,1,21
<20050817040430.0519F79C85F@asia.ibbmonitor.com>,Phish,18,1,21
<20050817051642.292597AF80E@asia.ibbmonitor.com>,Phish,18,1,21
<20050817055948.0A3C07BEF9A@asia.ibbmonitor.com>,Phish,18,1,21
<20050817062957.1F2041599ACB@europe.ibbmonitor.com>,Phish,18,1,21
<20050817063707.15958ACDED3@africa.ibbmonitor.com>,Phish,18,1,21
<20050817071735.5996915A9828@europe.ibbmonitor.com>,Phish,18,1,21
<20050817082446.5DD001185426@nea.ibbmonitor.com>,Phish,18,1,21
<20050817092411.5E26511968D3@nea.ibbmonitor.com>,Phish,18,1,21
<20050817095049.431678030BD@asia.ibbmonitor.com>,Phish,18,1,21
<20050817111318.A006B15EBDCE@europe.ibbmonitor.com>,Phish,18,1,21
<20050817134633.5B09B11DCA8C@nea.ibbmonitor.com>,Phish,18,1,21
<20050817182802.703BC84B0A0@asia.ibbmonitor.com>,Phish,18,1,21
<20050817211611.40DA8B5BE2F@africa.ibbmonitor.com>,Phish,18,1,21
<20050817214444.924731234F92@nea.ibbmonitor.com>,Phish,18,1,21
<20050817223013.482DFB6D55E@africa.ibbmonitor.com>,Phish,18,1,21
<20050817231443.1879F1244559@nea.ibbmonitor.com>,Phish,18,1,21
<200508181316.j7IDGuoH030323@localhost.localdomain>,Phish,0,-1,17
<200508212046.QAA25078@mail.example.com>,Phish,15,-1,2
<20050818031039.375BD166391C@europe.ibbmonitor.com>,Phish,18,1,21
<20050818040152.19773BB49C3@africa.ibbmonitor.com>,Phish,18,1,21
<20050818081002.51E9A1289288@nea.ibbmonitor.com>,Phish,18,1,21
<200508201634.MAA19865@mail.example.com>,Phish,16,-1,49
<20050821075635.D59C356134@severone.actionlinesrl.it>,Phish,14,-1,17
<20050821115810.8EEFE7C177E@mybeer.com.tw>,Phish,14,-1,17
<E1E7BcW-0001Nq-7o@host07.ipowerweb.com>,Phish,16,2,49
<20050822220525.15CF01C6B8A@pierbook.com>,Phish,16,-1,58
<20050823034618.3062B65A32@severone.actionlinesrl.it>,Phish,16,-1,41
<MRWOPZZJNOGBUODMHNSJMXSTM@hotmail.com>,Phish,16,-1,58
<QWOHCCLMMWLIFHWVUHWWGYPG@msn.com>,Phish,4,-1,44
<200508270730.j7R7UMJj029670@atf.example.com>,Phish,9,-1,68
<20050819073855.78B491312C70@nea.ibbmonitor.com>,Phish,18,1,21
<20050819095528.7B7DC13206CA@nea.ibbmonitor.com>,Phish,18,1,21
<20050825202546.2BA952C4BF@terra2.hms.com.au>,Phish,4,-1,44
<101001c5ab52$965ad54c$858f17f2@deutschebank.net>,Phish,21,-1,54
<101101c5ab52$e2606b3a$1306171f@deutschebank.net>,Phish,21,-1,54
<20050828203652.4713161CF@clust07-www02.powweb.com>,Phish,16,-1,49
<E1EAE36-0001CV-AR@hnl.hawaiitravelnetwork.com>,Phish,15,-1,21
<Musgr67GBXJ4@trafficblast.com>,Phish,4,-1,26
<20050901213905.8DD786FE42@clust09-www04.powweb.com>,Phish,16,-1,49
<E1EBdkJ-000274-Hd@athena.securityssl.net>,Phish,6,-1,30
<20050904174828.56F68621C92@mail.example.com>,Phish,9,-1,68
<200509041749.NAA24079@mail.example.com>,Phish,9,-1,68
<E1EC3sB-0008QY-4A@front.netnation.com>,Phish,16,2,49
<000101c5b1e0$3199237a$e3683a83@paypal.com>,Phish,16,-1,49
<QYZBLUDHNAWZWYIYEYRF@hotmail.com>,Phish,14,-1,17
<1GXJHYybcmjiI47391b@totallyperfect.net>,Phish,4,-1,44
<1126149409.33544.qmail@paypal.com>,Phish,16,-1,58
<200509091140.j89BexK16559@dns2.net-star.com.tw>,Phish,14,-1,17
<20050911145328.C42E53F30B@smtp.soyouze.com>,Phish,0,-1,41
<E1EEp2w-0000S8-5g@alfa01.cgyhost.net>,Phish,4,-1,25
<E1EEptd-0006y7-5i@alfa01.cgyhost.net>,Phish,4,-1,25
<RSOVCJPCJAKOBWWGPVYJZY@msn.com>,Phish,4,-1,46
<200509142103.j8EL3tON028568@www.watchsystem.it>,Phish,14,-1,17
<200509151243.IAA08927@mail.example.com>,Phish,14,-1,17
<E1EGhBB-0007z7-5D@alpha.xnoc.net>,Phish,4,-1,44
<200509180808.j8I88V424689@www.ihostingshop.net>,Phish,14,-1,17
<20050919004222.4B35B13D3DF@http03.ifrance.com>,Phish,14,-1,17
<Fvnmo115160CKG0@hejoin.com>,Phish,14,-1,17
<200509211521.j8LFLmb27385@www.stylement.jp>,Phish,5,8,50
<20050922112904.7C221164D0@mail.example.com>,Phish,9,-1,24
<20050929010455.E60A2621C66@mail.example.com>,Phish,9,-1,24
<200510030100.VAA28827@mail.example.com>,Phish,14,-1,17
<20051004215734.CB211164D0@mail.example.com>,Phish,9,-1,24
<20050920165038.1688C13D8E9@http03.ifrance.com>,Phish,14,-1,17
<E1EHr1Z-0005yd-GO@ferrari.elinuxservers.com>,Phish,4,-1,44
<200509212316.TAA09264@mail.example.com>,Phish,14,-1,17
<101101c5be85$5e976858$88f73098@antronomia.com>,Phish,30,-1,14
<0787113695.20050922073719@postbankde.com>,Phish,21,3,54
<1697308277.20050922073720@postbankde.com>,Phish,21,3,54
<200509222028.QAA13790@mail.example.com>,Phish,14,-1,17
<20050924152212.5B54A4C2FD@patty.isd-holland.nl>,Phish,30,-1,14
<4922964948.5578714252@va-71-0-90-8.dyn.sprint-hsd.net>,Phish,21,-1,54
<aab701c5c171$955f34eb$adeb35f9@postbankde.com>,Phish,21,3,54
<20050925200900.16905.qmail@P02.NEXLINK.NET>,Phish,5,-1,50
<53e901c5c286$5cbf1f9b$4d5fc261@postbankde.com>,Phish,21,3,54
<7506402722.20050926125524@VerifiedByVisa.com>,Phish,4,-1,34
<1127762448.94864.qmail@arribada.ebay.com>,Phish,14,-1,17
<1127764757.111563.qmail@arribada.ebay.com>,Phish,14,-1,17
<200509280053.j8S0reB12041@web45.opentransfer.com>,Phish,4,-1,44
<20050928115722.1084.qmail@thenkel.org>,Phish,16,-1,49
<3b6c01c5c47a$48acbb7b$f2d9fca8@postbankde.com>,Phish,21,3,54
<200509290105.VAA10763@mail.example.com>,Phish,9,-1,68
<200509290105.VAA10776@mail.example.com>,Phish,9,-1,68
<20050929175836.49B69B380E2@contactool.com>,Phish,16,2,49
<20050930212129.B64E322ACE@clust08-www03.powweb.com>,Phish,16,-1,49
<20051001102405.E2EF4AC9346@exitculture.org>,Phish,16,7,49
<200510012101.RAA24043@mail.example.com>,Phish,38,-1,34
<20051002014603.746053BA1DE@kdp.servicesat.co.za>,Phish,15,4,2
<E1ELxNb-0001jl-OU@ns1.ewdns.net>,Phish,5,5,50
<E1EMBVK-0004gG-Dg@neon.omegasphere.net>,Phish,5,5,50
<200510040340.XAA01940@mail.example.com>,Phish,4,-1,25
<200510040340.XAA01940@mail.example.com>,Phish,4,-1,25
<200510041455.KAA04493@mail.example.com>,Phish,4,-1,25
<200510042057.QAA06006@mail.example.com>,Phish,9,-1,24
<3075775247.20051005114455@deutsche-bank.de>,Phish,21,-1,54
<8074545175.20051005114458@deutsche-bank.de>,Phish,21,-1,54
<200510081447.j98ElU4w015586@host26.christianwebhost.com>,Phish,4,-1,44
<20051008150807.7D830FE5919@exitculture.org>,Phish,5,-1,50
<E1EObmQ-0001WP-8b@sl30.internetworks.com.mx>,Phish,15,-1,21
<a9db01c5cd00$32d15a14$ef391344@postbank.de>,Phish,21,-1,54
<20051010074103.02A2E4C5499@mail.dpd.sk>,Phish,0,-1,41
<E1EP6PH-000MAZ-F0@web.kuwhost.com>,Phish,4,-1,44
<78b901c5ce13$064601f4$39133bea@postbank.de>,Phish,21,3,54
<200510111631.j9BGVq607962@internet.2km.cz>,Phish,27,-1,20
<200510121914.PAA12993@mail.example.com>,Phish,14,-1,17
<E1EQ49K-00025e-FO@cpanel.1dr.net>,Phish,14,-1,17
<200510140212.WAA21469@mail.example.com>,Phish,14,-1,17
<200510140247.j9E2lWK03812@w3.leonet.it>,Phish,4,-1,44
<b9ef01c5d079$494f265c$704b0d90@postbank.de>,Phish,21,3,54
<1129329534.19161.qmail@arribada.ebay.com>,Phish,4,-1,26
<200510150214.WAA26434@mail.example.com>,Phish,9,-1,68
<901e01c5d18b$6138cbd0$ab5b7e52@postbank.de>,Phish,21,3,54
<200510151342.j9FDgoS16653@w3.leonet.it>,Phish,4,-1,44
<E1EQnjl-0008DL-IW@ess5.esecuresite5.com>,Phish,4,-1,26
<200510170116.VAA02319@mail.example.com>,Phish,14,-1,17
<E1ESKH9-000Cej-8M@baltazar.kontrollpanelen.se>,Phish,16,2,49
<200510210044.UAA23140@mail.example.com>,Phish,14,-1,17
<200510212119.RAA27852@mail.example.com>,Phish,14,-1,17
<20051023123448.31733.qmail@mail.nepsa.com>,Phish,4,-1,44
<LINKWEB1SKgArEWDilo00097356@linkweb1s.linkmail.local>,Phish,4,-1,44
<1130180871.16026.qmail@arribada.ebay.com>,Phish,16,-1,58
<20051025144536.0574332BB3B@camelot>,Phish,15,-1,40
<JJFTQFHONOGIJFJDWIPDXARVW@comcast.net>,Phish,4,-1,26
<E1EVD8j-0004Uo-Ut@phaeton.webserversystems.com>,Phish,16,7,49
<20051029013218.D9E7C621C89@mail.example.com>,Phish,9,-1,68
<200510300936.EAA07923@mail.example.com>,Phish,14,-1,17
<200510311705.MAA14931@mail.example.com>,Phish,6,6,52
<E1EVZSQ-0000ZO-G0@hl4s.mohayil.com>,Phish,4,-1,44
<200510290135.VAA01848@mail.example.com>,Phish,9,-1,68
<1130616831.28536.qmail@arribada.ebay.com>,Phish,16,-1,49
<1130616831.28536.qmail@arribada.ebay.com>,Phish,16,-1,49
<E1EWEj3-0001fW-5K@malvina.dattaweb.com>,Phish,18,1,21
<20051031220050.1A14248830@mail.cafe.si>,Phish,16,-1,49
<HPJQVUXPRHJLOVBRINZTE@earthlink.net>,Phish,4,-1,26
<!~!F615E01c3858$508b8$4369BEA2@paypal.com>,Phish,16,7,49
<E1EXVJH-0003X2-NE@server.linkneo.com>,Phish,14,-1,17
<6UUSQgatznaU137x@kimtalbert.com>,Phish,14,-1,17
<200511032157.QAA00110@mail.example.com>,Phish,14,-1,17
<1131133550.14682.qmail@peoples.com>,Phish,4,-1,8
<200511051313.IAA08657@mail.example.com>,Phish,5,-1,50
<200511070913.jA79Dnl11013@lsh162.siteprotect.com>,Phish,6,-1,15
<1131419378.16010.qmail@peoples.com>,Phish,4,-1,8
<QRRTAYWEFDXQMVQVMTLGSRKVD@msn.com>,Phish,4,-1,26
<20051112195948.6EF27621C66@mail.example.com>,Phish,9,-1,8
<E1Eaf4w-000EFW-KF@s01.weareonline.nl>,Phish,5,8,50
<20051115093345.4F4DA358B9DB@mail.platinumimaging.com>,Phish,12,-1,63
<20051115215139.15701847AAD@serveur2.dev2000.fr>,Phish,15,4,2
<E1EceGE-0000dv-6a@falcon.unixbsd.info>,Phish,4,-1,44
<20051117220440.AECE498DF4@Webserver.mptaiping.gov.my>,Phish,4,-1,34
<E1EdKoF-0002fR-10@jaguar.bcmweb.com>,Phish,18,0,21
<20051120170626.324E318ADCCA@canadianclub.org.hk>,Phish,18,0,21
<200511210117.UAA26541@mail.example.com>,Phish,14,-1,17
<E1EdgNa-000KhQ-Fy@hermano.majordomo.ru>,Phish,4,-1,44
<E1EdgNa-000KhT-Gy@hermano.majordomo.ru>,Phish,4,-1,44
<200511241430.jAOEUn9m078161@loli.ncity.net>,Phish,18,0,21
<200511271650.jARGo9E09795@73s.new21.net>,Phish,16,2,49
<E1EgYgt-0007oe-J8@endeavour.dnsvelocity.com>,Phish,0,9,41
<QEWDXCUTGRFRMVVIAMRD@msn.com>,Phish,18,0,21
<E1EjxPo-0006VN-Qa@albergue.hospedajededicado.com>,Phish,5,8,50
<200512081803.NAA01086@mail.example.com>,Phish,18,-1,21
<200512122145.QAA24887@mail.example.com>,Phish,18,0,21
<200512130511.AAA26745@mail.example.com>,Phish,4,-1,34
<200512131834.NAA30473@mail.example.com>,Phish,18,0,21
<200512190918.jBJ9IE6Q013863@host1.openbluhost.com>,Phish,16,10,49
<20051219140504.D28A9621CAC@mail.example.com>,Phish,32,-1,11
<20051225052025.387D71653B@mail.example.com>,Phish,9,-1,68
<200512260718.CAA03449@mail.example.com>,Phish,14,-1,17
<20051229111801.662D316500@mail.example.com>,Phish,9,-1,68
<20060105201103.C68C1621C66@mail.example.com>,Phish,9,-1,24
<200601061628.k06GSRqW027212@ns.jigucom.co.kr>,Phish,4,-1,25
<200601092119.QAA22721@mail.example.com>,Phish,4,-1,45
<20060110022012.0B20C621CAA@mail.example.com>,Phish,32,-1,47
<200601101028.FAA25765@mail.example.com>,Phish,14,-1,17
<200601101643.LAA27399@mail.example.com>,Phish,4,-1,25
<200601101643.LAA27409@mail.example.com>,Phish,4,-1,25
<20060111202131.2DC2F12A684@mail2.tx-rx.org>,Phish,4,-1,26
<200601120751.k0C7pjGn015627@mass2nd.snu.ac.kr>,Phish,18,-1,21
<200601122004.PAA08500@mail.example.com>,Phish,6,6,52
<200601130218.VAA10255@mail.example.com>,Phish,6,6,52
<200601131934.OAA14794@mail.example.com>,Phish,6,6,52
<20060115002325.22E8B16467@mail.example.com>,Phish,9,-1,68
<200601150700.CAA22905@mail.example.com>,Phish,6,6,52
<200601170854.DAA02833@mail.example.com>,Phish,15,-1,2
<200601191620.LAA32388@mail.example.com>,Phish,4,-1,26
<HOSSluCBcKfExvWvqzA000001b5@hoss>,Phish,4,-1,25
<200601211718.MAA13833@mail.example.com>,Phish,16,10,49
<200601221511.KAA19339@mail.example.com>,Phish,16,10,49
<20060123085409.72C1E164EB@mail.example.com>,Phish,4,-1,34
<200601230716.CAA23241@mail.example.com>,Phish,6,6,52
<20060124032312.EE240621C89@mail.example.com>,Phish,9,-1,24
<200601251805.NAA07044@mail.example.com>,Phish,15,4,2
<200601262236.RAA15214@mail.example.com>,Phish,4,-1,45
<200601271942.OAA20729@mail.example.com>,Phish,16,-1,49
<200601272101.k0RL1A9j001987@host150.host150-server.com>,Phish,18,0,21
<20060128034157.190CE164FD@mail.example.com>,Phish,9,-1,68
<200601311612.LAA10514@mail.example.com>,Phish,6,-1,52
<1469766135.20060201023434@pulse-eft.com>,Phish,2,-1,44
<200602020412.XAA25182@mail.example.com>,Phish,6,6,52
<200602021243.HAA27734@mail.example.com>,Phish,14,-1,17
<20060203145814.BF540165F1@mail.example.com>,Phish,4,-1,34
<200602041919.OAA10315@mail.example.com>,Phish,6,-1,52
<200602050250.k152oM9U009238@ambix.securesites.net>,Phish,15,-1,2
<20060208091251.69333.qmail@server12.ehostsource.com>,Phish,4,-1,22
<20060209232218.9F87E164FF@mail.example.com>,Phish,32,-1,11
<200602120026.TAA27461@mail.example.com>,Phish,6,-1,52
<200602120213.VAA27993@mail.example.com>,Phish,6,6,52
<200602121810.k1CIAHW9024861@www.nfrasoft.com>,Phish,4,-1,34
<200602100329.k1A3T2213751@ns1.rmsdata.net>,Phish,16,11,49
<200602151955.k1FJtSY02338@server33.cosmicinfinity.com>,Phish,16,-1,49
<200602152029.PAA19663@mail.example.com>,Phish,16,-1,58
<20060215223855.20F8A52327C@macintrouble.net>,Phish,16,-1,58
<200602162345.k1GNj8mY021971@schoolmusic.co.kr>,Phish,6,6,52
<200602171422.ANM64309@mpv4.example.com>,Phish,16,-1,49
<20060217160918.23626.qmail@server12.ehostsource.com>,Phish,4,-1,22
<20060217161016.24308.qmail@server12.ehostsource.com>,Phish,4,-1,22
<200602180657.BAA28138@mail.example.com>,Phish,15,-1,2
<200602190707.k1J77oYg032064@www.theredtag.net>,Phish,14,-1,17
<200602190922.k1J9LxlV028838@crossmobile.net>,Phish,14,-1,17
<20060219214635.A3CFA808F1A@mnet.cs.nthu.edu.tw>,Phish,16,11,49
<200602200609.BAA07213@mail.example.com>,Phish,4,-1,34
<178115410459.XAA13898Equity_Advisor_fedora@gmail.com>,Phish,9,-1,3
<200602211854.k1LIs3M09871@tjeinternational.com>,Phish,15,-1,2
<200602212044.PAA17012@mail.example.com>,Phish,16,-1,2
<E1FBgsE-00026T-1L@mail.tecnicasangiorgio.it>,Phish,18,0,21
<200602251946.k1PJktM01984@infoble.net>,Phish,18,0,21
<20060227101120.BCC0ABF8838@correio.cral.com.br>,Phish,18,0,21
<GREGHOME1Wtyi67EKRu00000097@GREGHOME>,Phish,4,-1,44
<200603060602.k2662rc01046@renoeve.net>,Phish,4,-1,56
<DESKTOPngL6wxvw0IDT000006b3@desktop>,Phish,18,12,21
<SERVER2000stPGtPrPr0000004d@SERVER2000.TCC>,Phish,27,-1,20
<0749117343.20060315105857@citibusinessonline.com>,Phish,4,-1,34
<4712853141.20060327202603@chase.com>,Phish,27,-1,20
<3700630744.20060511134126@ebay.com>,Phish,14,-1,17
<9742559493.20060605131034@midamerica.com>,Phish,4,-1,25
<2125686780.20060620080426@midamerica.com>,Phish,4,-1,25
<0070412416.20060704023605@midamerica.com>,Phish,4,-1,25
<20060801230754.9DBEB16313@mail.example.com>,Phish,7,-1,18
<20060809123742.C030F621D35@mail.example.com>,Phish,23,-1,6
<20060810160810.70E66621CF9@mail.example.com>,Phish,23,-1,6
<20060815075429.0F6FA1636F@mail.example.com>,Phish,23,-1,6
<20060816110558.C222D621CF5@mail.example.com>,Phish,32,-1,11
<20060817121201.E2F32621D0F@mail.example.com>,Phish,23,-1,6
<20060819075904.82BD3621D2A@mail.example.com>,Phish,32,-1,11
<20060820013645.8A4C8163A2@mail.example.com>,Phish,23,-1,6
<20060822111843.51073621CF0@mail.example.com>,Phish,23,-1,6
<20060824000131.86F5F163A6@mail.example.com>,Phish,32,-1,11
<20060825103536.9B664163E1@mail.example.com>,Phish,23,-1,6
<20060828054103.9EF0E16340@mail.example.com>,Phish,23,-1,6
<20060829115837.7AA7C1639A@mail.example.com>,Phish,23,-1,6
<20060830130558.05F2A1633B@mail.example.com>,Phish,32,-1,11
<20060831174948.C38F616389@mail.example.com>,Phish,23,-1,6
<20060901031119.3518E621E1A@mail.example.com>,Phish,43,-1,24
<20060903142454.18DB2622069@mail.example.com>,Phish,23,-1,6
<20060907112153.D7B20621D6E@mail.example.com>,Phish,23,-1,6
<20060909151333.A4F69621DE7@mail.example.com>,Phish,32,-1,11
<20060910140028.EAA84621EA9@mail.example.com>,Phish,23,-1,6
<20060918112445.66076621E0B@mail.example.com>,Phish,43,-1,24
<20060920095257.47D0A621E40@mail.example.com>,Phish,32,-1,11
<20061011104350.3E993163BD@mail.example.com>,Phish,43,-1,24
<20061025124221.8A18616298@mail.example.com>,Phish,32,-1,11
<1130384585.13653@paypal.com>,Phish,15,-1,21
<20061111054818.85A9E621CE2@mail.example.com>,Phish,43,-1,24
<20061118024348.2DC40621E18@mail.example.com>,Phish,32,-1,11
<20061119083354.A0D4A621DD6@mail.example.com>,Phish,43,-1,24
<20061119235657.4352B621F7B@mail.example.com>,Phish,43,-1,24
<20061120134602.B59DD16264@mail.example.com>,Phish,32,-1,11
<20061121212122.81907621D35@mail.example.com>,Phish,43,-1,24
<20061123040317.315021635B@mail.example.com>,Phish,43,-1,24
<20061124205130.855B1621DF9@mail.example.com>,Phish,43,-1,24
<20061124025945.33E51162E7@mail.example.com>,Phish,43,-1,24
<20061124230533.2B88B621F06@mail.example.com>,Phish,32,-1,11
<200602240833.DAA00129@mail.example.com>,Phish,6,6,52
<20061129200759.307681638D@mail.example.com>,Phish,43,-1,24
<20061130194416.53DB1163E8@mail.example.com>,Phish,43,-1,24
<20061204225023.F2483163A1@mail.example.com>,Phish,43,-1,24
<20061210073402.C4B9616361@mail.example.com>,Phish,32,-1,11
<20061211114214.EE16016308@mail.example.com>,Phish,43,-1,24
<20061212204236.101E81637D@mail.example.com>,Phish,43,-1,24
<20061214202856.CA305621CDF@mail.example.com>,Phish,43,-1,24
<20061216182050.79CE3621D01@mail.example.com>,Phish,43,-1,24
<20061218010804.59EF0162F2@mail.example.com>,Phish,43,-1,24
<200603030154.UAA10489@mail.example.com>,Phish,4,-1,25
<20061219031750.57E1C623364@mail.example.com>,Phish,32,-1,11
<200603051257.k25CvBJ9014428@bonnyind.com.tw>,Phish,6,6,52
<20061220160815.28CA6162E4@mail.example.com>,Phish,43,-1,24
<20061229083007.CE8E6621CD4@mail.example.com>,Phish,43,-1,24
<20061222114636.4C92C621CF9@mail.example.com>,Phish,32,-1,11
<20061222234708.1238B621CFA@mail.example.com>,Phish,43,-1,24
<20070102174527.71A5F16307@mail.example.com>,Phish,43,-1,24
<20070104112637.5DAAD16303@mail.example.com>,Phish,32,-1,11
<20070105223422.C989B621CE5@mail.example.com>,Phish,43,-1,24
<20070106053211.93612621D1D@mail.example.com>,Phish,43,-1,24
<20070111232611.5023A163A9@mail.example.com>,Phish,43,-1,24
<20070115164110.A9857621CF5@mail.example.com>,Phish,32,-1,11
<20070116142117.3BDFD1630E@mail.example.com>,Phish,43,-1,24
<20070117193509.554FB1637D@mail.example.com>,Phish,43,-1,24
<20070119012832.AFE2D162C9@mail.example.com>,Phish,43,-1,24
<20070120222438.47CEF621EB2@mail.example.com>,Phish,32,-1,11
<20070123132617.E64A2162D0@mail.example.com>,Phish,43,-1,24
<20070124023541.EC01E16395@mail.example.com>,Phish,32,-1,11
<20070124043749.D48B716328@mail.example.com>,Phish,43,-1,24
<20070125010058.36E21621E34@mail.example.com>,Phish,43,-1,24
<20070125211510.124A816303@mail.example.com>,Phish,32,-1,11
<20070127093311.1D21C162F8@mail.example.com>,Phish,32,-1,11
<20070127105111.15266621DF1@mail.example.com>,Phish,43,-1,24
<20070128151318.80587163AA@mail.example.com>,Phish,32,-1,11
<20070128151329.77975621DE6@mail.example.com>,Phish,32,-1,11
<20070128151505.7D9A1162EB@mail.example.com>,Phish,32,-1,11
<20070129020355.BDF78621D08@mail.example.com>,Phish,43,-1,24
<20070130160731.B076F621DDF@mail.example.com>,Phish,32,-1,11
<20070130215947.0E6FA621DE2@mail.example.com>,Phish,43,-1,24
<20070201072728.E62EE162EA@mail.example.com>,Phish,43,-1,24
<20070202213056.9A3C4621E0E@mail.example.com>,Phish,43,-1,24
<20070203013019.A576B162B8@mail.example.com>,Phish,43,-1,24
<20070204055917.C9571163BB@mail.example.com>,Phish,32,-1,24
<20070205202438.2B6CD162E8@mail.example.com>,Phish,43,-1,24
<20070207101404.3895B621D71@mail.example.com>,Phish,43,-1,24
<20070209012325.DD02A16403@mail.example.com>,Phish,43,-1,24
<20070210221529.3E144621DF6@mail.example.com>,Phish,43,-1,24
<20070212123912.1054516330@mail.example.com>,Phish,32,-1,11
<20070214071759.552D1621CCE@mail.example.com>,Phish,32,-1,11
<20070216004927.A21D516379@mail.example.com>,Phish,32,-1,11
<20070217145841.A60DA621E0B@mail.example.com>,Phish,43,-1,24
<20070221120546.705491645B@mail.example.com>,Phish,32,-1,11
<20070223101100.16AAC1636F@mail.example.com>,Phish,43,-1,24
<20070225170025.0C66B16368@mail.example.com>,Phish,32,-1,11
<200702271433.l1REXjvP021389@nlpi043.sbcis.sbc.com>,Phish,4,-1,44
<200702271006.l1RA6wcn021315@fwf-forti.forti>,Phish,10,-1,16
<1172639400.89692.qmail@>,Phish,15,13,49
<20070302085608.0E12616423@mail.example.com>,Phish,32,-1,11
<20070303025131.026FE621DAC@mail.example.com>,Phish,43,-1,24
<1173035495.85906.qmail@>,Phish,15,13,49
<20070305140551.EEA1D1631D@mail.example.com>,Phish,43,-1,24
<200703052026.l25KQM9o014418@server2.virtual-uk.net>,Phish,10,-1,26
<20070307015527.29BD01633E@mail.example.com>,Phish,43,-1,24
<20070309044333.B5422621D05@mail.example.com>,Phish,43,-1,24
<20070309103353.2BD71621DCC@mail.example.com>,Phish,32,-1,11
<002601c76248$53251036$0501a8c0@Sys-3>,Phish,21,-1,14
<20070311005909.23F27164B2@mail.example.com>,Phish,32,-1,11
<20070314133032.C49BC621EBD@mail.example.com>,Phish,43,-1,24
<20070319011103.64766621EFF@mail.example.com>,Phish,43,-1,24
<20070320100431.86160621F28@mail.example.com>,Phish,43,-1,24
<20070321185547.14D8F1631D@mail.example.com>,Phish,32,-1,11
<20070323180413.41110621D65@mail.example.com>,Phish,43,-1,24
<20070325143446.EA07B162EE@mail.example.com>,Phish,32,-1,11
<20070326205905.8809C162B1@mail.example.com>,Phish,43,-1,24
<20070328034012.8578F163F5@mail.example.com>,Phish,43,-1,24
<20070330124638.4E139163B2@mail.example.com>,Phish,43,-1,24
<20070331183234.4A6E6621D4E@mail.example.com>,Phish,43,-1,24
<20070402022507.C14B4162E4@mail.example.com>,Phish,32,-1,24
<3495496348.20070402054635@chase.com>,Phish,27,-1,20
<20070403045954.9CF23163E5@mail.example.com>,Phish,32,-1,11
<20070403065944.38DFA1631A@mail.example.com>,Phish,43,-1,24
<20070404123000.E0D82162FF@mail.example.com>,Phish,32,-1,11
<20070405212912.B9FBB621CFF@mail.example.com>,Phish,43,-1,24
<20070407011706.51C84621D12@mail.example.com>,Phish,32,-1,11
<20070408061437.8BCF0621D0C@mail.example.com>,Phish,43,-1,24
<2aex62n0nm9g$h7cw469vur718$aw%RNDDIGIT14daz694@%RNDUCCHAR148>,Phish,43,-1,24
<20070408111619.15FE0621E3E@mail.example.com>,Phish,43,-1,24
<20070410014210.77C18621DCC@mail.example.com>,Phish,43,-1,24
<20070410015100.15F90621DCC@mail.example.com>,Phish,32,-1,11
<20070410163530.DD951162DC@mail.example.com>,Phish,43,-1,24
<DELL-45B6FWEZ7MJIzp000002e3@dell-45b6fwez7m>,Phish,10,-1,16
<20070412035917.5D72316327@mail.example.com>,Phish,37,-1,33
<20070412112725.A937C16327@mail.example.com>,Phish,37,-1,33
<20070413002620.0949C621E28@mail.example.com>,Phish,37,-1,33
<20070414011457.B05F2621EBD@mail.example.com>,Phish,37,-1,33
<20070415150139.B4EDB162C5@mail.example.com>,Phish,37,-1,33
<20070417002452.C072D16329@mail.example.com>,Phish,20,-1,5
<20070426135451.8A905621D35@mail.example.com>,Phish,37,-1,33
<000b01c1934b$d9a5566a$d03204bd@particul-op97hf>,Phish,4,-1,26
<20070430182753.04C9816262@mail.example.com>,Phish,37,-1,33
<20070501124356.DEDC2621C9C@mail.example.com>,Phish,37,-1,33
<20070503061044.0A63A1624C@mail.example.com>,Phish,37,-1,33
<20070504091326.AA56716250@mail.example.com>,Phish,20,14,32
<20070504215118.8E888621CB8@mail.example.com>,Phish,20,14,32
<20070506001133.D3D27621CC2@mail.example.com>,Phish,20,14,5
<20070507020701.85C3816252@mail.example.com>,Phish,20,14,5
<20070507154119.15BBF621CB2@mail.example.com>,Phish,20,14,32
<20070508033903.EB252621CB6@mail.example.com>,Phish,20,-1,53
<20070509061657.1D08616258@mail.example.com>,Phish,37,-1,33
<20070509151612.AC0F1621CAA@mail.example.com>,Phish,20,14,5
<20070510041258.C6657621CB6@mail.example.com>,Phish,20,-1,53
<20070510080859.92BE7621CAB@mail.example.com>,Phish,20,14,32
<200705101659.l4AGx7H6023453@kkcsc.co.jp>,Phish,27,28,56
<20070510223255.3B4EE621CAB@mail.example.com>,Phish,20,15,53
<20070417232440.41112621E2A@mail.example.com>,Phish,20,-1,5
<20070418163048.36146621D2D@mail.example.com>,Phish,37,-1,33
<20070418213933.AFE1A162BB@mail.example.com>,Phish,20,-1,5
<20070419204218.42C6516287@mail.example.com>,Phish,20,-1,5
<20070420035352.53C9B621DE1@mail.example.com>,Phish,37,-1,33
<002201c78408$5bf4c080$197219d5@joc>,Phish,2,-1,55
<20070423060928.54C15621E09@mail.example.com>,Phish,37,-1,33
<20070423101138.B44DA621D4F@mail.example.com>,Phish,37,-1,33
<20070423172021.AF737162B9@mail.example.com>,Phish,20,-1,5
<20070424030713.6E682162C3@mail.example.com>,Phish,37,-1,33
<20070424152736.A87A6621E14@mail.example.com>,Phish,37,-1,33
<20070425003838.2ED121642D@mail.example.com>,Phish,37,-1,33
<20070425015306.C69731634C@mail.example.com>,Phish,20,-1,53
<20070428095035.3A85D621CD4@mail.example.com>,Phish,20,-1,53
<20070511154434.2A2D4621CA0@mail.example.com>,Phish,20,15,5
<20070511233500.E9E0E16258@mail.example.com>,Phish,20,15,53
<20070512042749.A5568621C64@mail.example.com>,Phish,20,14,5
<20070512045355.2C5F816252@mail.example.com>,Phish,20,15,32
<20070512182915.7807E1624A@mail.example.com>,Phish,20,15,5
<20070513075329.500321624C@mail.example.com>,Phish,20,15,53
<20070513152302.01F5D16258@mail.example.com>,Phish,20,15,5
<20070513204952.D138116252@mail.example.com>,Phish,20,15,32
<20070514122940.70573621C92@mail.example.com>,Phish,20,15,5
<200705141337.l4EDbLqj013052@server11.sojung.net>,Phish,5,-1,27
<20070514195514.5F04916253@mail.example.com>,Phish,20,14,5
<20070515013856.038BB621C89@mail.example.com>,Phish,20,15,5
<1179206701.23479.qmail@>,Phish,10,-1,16
<20070515094521.C908C621C71@mail.example.com>,Phish,20,15,5
<20070515134132.50F2516253@mail.example.com>,Phish,20,14,5
<20070515133307.867A7621C89@mail.example.com>,Phish,20,14,5
<20070515182946.CC4441623B@mail.example.com>,Phish,20,15,5
<20070516085653.2B85616253@mail.example.com>,Phish,20,15,53
<20070516111107.BDA27623B3B@mail.example.com>,Phish,20,15,5
<20070517033432.78B2C16252@mail.example.com>,Phish,20,15,5
<20070517125410.C7FE7621C64@mail.example.com>,Phish,20,15,32
<20070517223541.030FE16252@mail.example.com>,Phish,20,15,5
<20070518165245.65FD216238@mail.example.com>,Phish,20,15,32
<20070519130958.5D7BA621C64@mail.example.com>,Phish,20,15,53
<20070520043215.E0876621C64@mail.example.com>,Phish,20,15,53
<20070522233603.6D93116238@mail.example.com>,Phish,20,15,5
<20070523032423.4A2F916238@mail.example.com>,Phish,20,15,5
<20070523120222.A44F61623B@mail.example.com>,Phish,20,15,32
<20070523210527.124E116238@mail.example.com>,Phish,20,15,5
<20070502022942.B73DE621CA5@mail.example.com>,Phish,20,14,5
<20070427233335.7A05E162A3@mail.example.com>,Phish,37,-1,33
<20070429090838.6A02716274@mail.example.com>,Phish,37,-1,33
<20070524152824.A3755621C64@mail.example.com>,Phish,20,15,53
<20070525041544.BD31016238@mail.example.com>,Phish,20,15,5
<20070525191945.730741623B@mail.example.com>,Phish,20,15,53
<20070527035558.E42DF621C64@mail.example.com>,Phish,20,15,53
<20070527214533.8F657621C66@mail.example.com>,Phish,20,15,53
<20070527225126.7F0B416246@mail.example.com>,Phish,20,15,5
<20070528153235.7F399621C64@mail.example.com>,Phish,20,15,53
<20070528182355.36A4916246@mail.example.com>,Phish,20,15,32
<20070528210042.0541E621C64@mail.example.com>,Phish,20,15,5
<20070529194130.1900916247@mail.example.com>,Phish,20,15,5
<20070530032755.169DA16246@mail.example.com>,Phish,20,15,5
<20070530181632.5C5C316246@mail.example.com>,Phish,20,15,5
<20070530204154.9F37016246@mail.example.com>,Phish,20,15,53
<20070530225354.60C3E621C64@mail.example.com>,Phish,20,15,5
<200705311418.l4VEIuY6012464@mail.poi-inc.com>,Phish,5,8,50
<20070531172536.A004216244@mail.example.com>,Phish,20,15,53
<20070531173934.E3F3E16246@mail.example.com>,Phish,20,15,32
<20070601174304.0CA9916243@mail.example.com>,Phish,20,15,5
<20070602195251.316AA621C64@mail.example.com>,Phish,20,15,53
<20070603034011.029C716243@mail.example.com>,Phish,20,15,53
<20070603152710.7510B16243@mail.example.com>,Phish,20,15,32
<20070603182855.3748216243@mail.example.com>,Phish,20,15,5
<20070604131120.ED79316243@mail.example.com>,Phish,20,15,32
<002e01c7a7bb$7fa6a310$05d4fea9@lalo-vfc4s4d0e0>,Phish,4,-1,34
<20070606025736.A339116243@mail.example.com>,Phish,20,-1,5
<20070606052601.BE51A621C64@mail.example.com>,Phish,20,15,32
<20070606172138.3685B16246@mail.example.com>,Phish,20,15,32
<20070606225927.E8105621C64@mail.example.com>,Phish,20,15,5
<20070607084802.2974816243@mail.example.com>,Phish,20,15,5
<20070607121620.95B73621C64@mail.example.com>,Phish,20,15,5
<20070608162156.75B3A621C64@mail.example.com>,Phish,20,15,32
<20070608181746.E01CC621C64@mail.example.com>,Phish,20,15,53
<20070608215438.1CC8816243@mail.example.com>,Phish,20,15,53
<20070609120542.4142916244@mail.example.com>,Phish,20,15,32
<20070609222656.0E49C621C64@mail.example.com>,Phish,20,15,53
<20070610131003.5CFF016243@mail.example.com>,Phish,20,15,32
<20070611033017.97BEC621C64@mail.example.com>,Phish,20,15,32
<20070611201551.C870216244@mail.example.com>,Phish,20,15,53
<20070612124952.2CEF2621E00@mail.example.com>,Phish,20,15,32
<20070612100624.1662F6248F3@mail.example.com>,Phish,20,15,32
<20070612235000.D716B16243@mail.example.com>,Phish,20,15,32
<20070613014654.1DF5F16243@mail.example.com>,Phish,20,15,53
<20070613123039.9E8E1621C66@mail.example.com>,Phish,20,-1,32
<20070613150240.36C8E16243@mail.example.com>,Phish,20,15,32
<20070614043024.66FC216243@mail.example.com>,Phish,20,15,32
<20070614042948.53CFB621C66@mail.example.com>,Phish,20,15,32
<20070614102937.BF39216244@mail.example.com>,Phish,20,15,32
<4291692454.15523@dyn-htl-16418.dyn.columbia.edu>,Phish,20,15,32
<20070615094147.0A64F621C66@mail.example.com>,Phish,20,15,5
<20070616033324.37EFD16243@mail.example.com>,Phish,20,15,32
<20070616064858.E261416243@mail.example.com>,Phish,20,15,53
<20070616160838.7BFAF621C71@mail.example.com>,Phish,20,-1,53
<20070616202702.64FBC16243@mail.example.com>,Phish,20,15,5
<20070617084304.0D3AF16243@mail.example.com>,Phish,20,-1,32
<4291692454.13393@dyn-htl-16293.dyn.columbia.edu>,Phish,20,15,32
<20070617081201.1997416243@mail.example.com>,Phish,20,15,5
<20070617215637.16C09621C64@mail.example.com>,Phish,20,-1,53
<20070618084016.15698621C64@mail.example.com>,Phish,20,15,53
<20070618102311.1BF9016243@mail.example.com>,Phish,20,15,53
<20070618233714.0810316244@mail.example.com>,Phish,20,-1,5
<20070619012619.62EDE16243@mail.example.com>,Phish,20,15,32
<20070619121149.6F883621C64@mail.example.com>,Phish,20,15,32
<20070619133843.F18AF16244@mail.example.com>,Phish,20,-1,53
<20070619183814.F27D3621C64@mail.example.com>,Phish,20,15,53
<20070620055831.107DA621C64@mail.example.com>,Phish,20,-1,53
<20070620133414.84749621C71@mail.example.com>,Phish,20,15,5
<20070620140149.92FA0621C71@mail.example.com>,Phish,20,15,53
<20070620151736.4BDC0621C64@mail.example.com>,Phish,20,15,5
<20070621052014.705DB16244@mail.example.com>,Phish,20,15,5
<20070621161340.5551F16243@mail.example.com>,Phish,20,15,5
<20070621161323.23E05621C71@mail.example.com>,Phish,20,15,5
<20070621192910.8416416245@mail.example.com>,Phish,20,15,5
<20070621220118.35BA2621C64@mail.example.com>,Phish,20,15,5
<20070622183450.95E2B16244@mail.example.com>,Phish,20,15,53
<20070623104246.49F2216245@mail.example.com>,Phish,20,15,53
<20070623151512.AD85A16243@mail.example.com>,Phish,20,15,5
<05067172.20070624004459@paypal.com>,Phish,16,-1,2
<20070623193515.75EA9621C64@mail.example.com>,Phish,20,15,5
<20070623204801.B19DD16244@mail.example.com>,Phish,20,15,53
<20070624033635.CEDD6621C64@mail.example.com>,Phish,20,15,32
<20070624034340.8E33716243@mail.example.com>,Phish,20,15,53
<20070624211554.B9B74621C64@mail.example.com>,Phish,20,15,53
<20070624223712.26F7A621C66@mail.example.com>,Phish,20,15,5
<20070625211909.0E944621C64@mail.example.com>,Phish,20,15,53
<20070626141928.54494621C64@mail.example.com>,Phish,20,15,5
<20070626182349.18BB7621C64@mail.example.com>,Phish,20,15,5
<20070627050538.C700E16249@mail.example.com>,Phish,20,15,32
<20070627123951.43240621C95@mail.example.com>,Phish,20,15,53
<20070628061004.E23971624A@mail.example.com>,Phish,20,15,53
<20070628211913.EAD9E621CAC@mail.example.com>,Phish,20,15,5
<01c7b9d8$5c535c70$6c822ecf@akstcukbookstoremnsdgs>,Phish,4,-1,34
<20070629004005.4368F16243@mail.example.com>,Phish,20,15,32
<20070629083313.A60B0621CAA@mail.example.com>,Phish,20,15,32
<20070629083503.92A5F16244@mail.example.com>,Phish,20,15,32
<20070630030248.1BCB1621CC1@mail.example.com>,Phish,20,15,32
<20070630090727.80907621CB2@mail.example.com>,Phish,20,15,32
<20070630115935.2BDEE16251@mail.example.com>,Phish,20,15,5
<20070630171810.49291621CCB@mail.example.com>,Phish,20,15,5
<20070701031834.BB1A0621DB1@mail.example.com>,Phish,20,15,5
<20070701065731.DB89E621CDB@mail.example.com>,Phish,20,15,5
<20070701111137.9E7476230D2@mail.example.com>,Phish,20,15,5
<20070701205341.E5908623A7C@mail.example.com>,Phish,20,15,5
<20070702022852.1318016266@mail.example.com>,Phish,20,15,5
<20070702120440.28CC11626C@mail.example.com>,Phish,20,15,32
<20070702120828.DAC7916269@mail.example.com>,Phish,20,-1,5
<20070702125755.46D051626A@mail.example.com>,Phish,20,15,32
<20070702152807.5FC3062673E@mail.example.com>,Phish,20,15,32
<20070702182539.F41EE16247@mail.example.com>,Phish,20,15,5
<20070703112207.D43B3621C9C@mail.example.com>,Phish,20,15,32
<20070703201143.07D4A621CA5@mail.example.com>,Phish,20,15,53
<20070704031641.5BA091624F@mail.example.com>,Phish,20,15,32
<20070704055754.F015F621CA5@mail.example.com>,Phish,20,15,5
<20070704122214.DBF3F621CB6@mail.example.com>,Phish,20,15,5
<20070704184136.E3775621CB6@mail.example.com>,Phish,20,15,53
<20070705124150.B32B7621CAB@mail.example.com>,Phish,20,15,5
<20070705202717.723A7621CAB@mail.example.com>,Phish,20,15,5
<20070706010110.131B2621CAB@mail.example.com>,Phish,20,15,32
<20070706062143.9B6F8621CAB@mail.example.com>,Phish,20,15,32
<20070706084609.42A4B1626F@mail.example.com>,Phish,20,15,32
<20070707052605.932661624E@mail.example.com>,Phish,20,15,32
<20070707124824.6749D621CA5@mail.example.com>,Phish,20,15,5
<20070708045139.7845D621C92@mail.example.com>,Phish,20,15,32
<20070708201642.3FCFA1624C@mail.example.com>,Phish,20,15,32
<20070711080555.61FAA1624F@mail.example.com>,Phish,20,15,5
<20070712003345.D5BDF16251@mail.example.com>,Phish,20,15,53
<20070712150754.68D58621CA0@mail.example.com>,Phish,20,15,53
<20070712182059.3523316287@mail.example.com>,Phish,20,15,5
<20070713113143.EC75D162AE@mail.example.com>,Phish,20,15,5
<20070713164526.445A1621CF0@mail.example.com>,Phish,20,15,32
<20070714030207.7381E621D0D@mail.example.com>,Phish,20,15,53
<20070714042054.E6968621D06@mail.example.com>,Phish,20,-1,53
<20070715134820.8E4A6621D00@mail.example.com>,Phish,20,-1,32
<20070715164859.9D13A621D1E@mail.example.com>,Phish,20,15,53
<20070716073249.18B00162FF@mail.example.com>,Phish,20,15,32
<20070716170932.59115621D68@mail.example.com>,Phish,20,15,53
<20070717004441.D95DB1634B@mail.example.com>,Phish,20,15,32
<20070717113446.1D80D1638A@mail.example.com>,Phish,20,15,53
<20070506125100.E4FB3621CCE@mail.example.com>,Phish,20,14,32
<20070718081204.795E316280@mail.example.com>,Phish,20,15,5
<20070718112522.AE35D621CF1@mail.example.com>,Phish,20,15,32
<20070719030233.04F07162A6@mail.example.com>,Phish,20,15,32
<200707191406.l6JE6MDC076090@kkcsc.co.jp>,Phish,6,6,52
<20070720171728.5CEE7162AF@mail.example.com>,Phish,20,15,32
<20070722055225.3B61E1627C@mail.example.com>,Phish,20,15,5
<200707222233.l6MMX5I26988@hosting4u.co.kr>,Phish,6,6,52
<20070723001245.96CF7621D4B@mail.example.com>,Phish,20,15,32
<20070723174312.8EB211629E@mail.example.com>,Phish,20,-1,53
<20070724080140.9704B16258@mail.example.com>,Phish,20,15,32
<20070724121557.3A379621CC6@mail.example.com>,Phish,20,15,32
<20070724225112.84D91621CDA@mail.example.com>,Phish,20,15,53
<20070725080027.3782516267@mail.example.com>,Phish,20,-1,53
<20070725210815.BB40016263@mail.example.com>,Phish,20,15,5
<20070728083315.B8B44621C9C@mail.example.com>,Phish,20,15,53
<20070728230816.A049616271@mail.example.com>,Phish,20,-1,5
<20070729170010.DC928621CC2@mail.example.com>,Phish,20,15,32
<20070730094003.444A3621CBF@mail.example.com>,Phish,20,15,32
<20070731013223.E97F416268@mail.example.com>,Phish,20,15,53
<20070731182332.6D864621C89@mail.example.com>,Phish,20,15,53
<20070801113021.BC070621C9C@mail.example.com>,Phish,20,15,32
<20070801114844.AC96216253@mail.example.com>,Phish,20,-1,32
<20070802213727.9814916262@mail.example.com>,Phish,20,15,32
<20070803144643.88CEA1625B@mail.example.com>,Phish,20,15,32
<20070804072546.A949C621C9C@mail.example.com>,Phish,20,15,32
<20070804130622.5C254621CA5@mail.example.com>,Phish,20,15,32
<20070805004801.912FC16246@mail.example.com>,Phish,20,15,32
<20070805164917.CA1BB621CBD@mail.example.com>,Phish,20,-1,5
<20070805173923.EA184621CC1@mail.example.com>,Phish,20,15,32
<20060807145047.A229A6CD150@mail.example.org>,Phish,12,-1,35
<YVSQIWPCUOXBZUVFJRNB@msn.com>,Phish,4,-1,26
<20060807232407.B0C256CD130@mail.example.org>,Phish,16,11,49
<20060808025718.335323445E@smtp.sinfonika.si>,Phish,18,0,21
<af47b1ed3ef6c990cd401ab8b75423d3@amazon.com>,Phish,33,16,31
<200608080458.k784wJD9021773@flpi101.sbcis.sbc.com>,Phish,18,0,21
<6.3.3.15.2.20031643883053.025b4b48@sidemen.starnetusa.net>,Phish,9,-1,11
<KIEPEITFQPBKLOPKLWQNGRWX@aol.com>,Phish,34,-1,45
<NET3-NL-IIS-37ZDgC80000069b@net3-nl-iis-37.ad.vevida.net>,Phish,4,-1,34
<GROEOWUYTNGSUHKVFGTBWM@yahoo.com>,Phish,16,-1,58
<200608080851.k788pbE32232@server1.bti.com>,Phish,4,-1,34
<20060808142653.3AA016CCE78@mail.example.org>,Phish,6,-1,51
<20060809020300.EB6E76CD0F6@mail.example.org>,Phish,6,-1,52
<9881575754abc3325c2fb035c3d7bbcf@>,Phish,4,-1,34
<200608091420.k79EKUY23811@hosting4u.co.kr>,Phish,6,-1,52
<20060809125422.9CCD86FB311@mail.example.org>,Phish,23,-1,6
<ZKWAGHTMXCXUYZRUAFXV@chase.com>,Phish,4,-1,56
<ZSFYRCWNYLOMJHGJWCHXLG@chase.com>,Phish,4,-1,56
<SHICSJQKQBATXAWGCUIANCMGE@charter.net>,Phish,33,16,31
<20060809180839.EC8786FA3D2@mail.example.org>,Phish,4,-1,46
<20060809235309.663A66CD07E@mail.example.org>,Phish,6,-1,52
<VATLTJRWCXKXBPIYIHAW@earthlink.net>,Phish,7,-1,34
<200608100259.k7A2xTDP017094@flpvm23.prodigy.net>,Phish,18,0,21
<1vfe$8$skm$6xao8zw4uu8p554r1$i8@gbws3u.827u>,Phish,18,-1,49
<20060810160935.B09A76CCDB2@mail.example.org>,Phish,23,-1,6
<FOMFYEAVXZHFMZZAEEBTSOKHZ@comcast.net>,Phish,33,16,31
<20060811010312.05D0F6FA4AD@mail.example.org>,Phish,18,0,21
<6E04667F.0916802@ghisler.com>,Phish,14,-1,65
<7ECDBA70.7147578@farpost.com>,Phish,14,-1,65
<2CC4F7CB.7081478@spain-love.com>,Phish,14,-1,65
<200608120255.k7C2t9Y29930@hosting4u.co.kr>,Phish,6,-1,52
<20060812194834.DA8CF6CD42E@mail.example.org>,Phish,23,-1,6
<8422840056.20060812195721@greenbaynet.net>,Phish,9,-1,68
<cbu$6375a-vq5$$-h4@vw4ydx>,Phish,18,-1,49
<200608132228.k7DMSaU18792@teamkorea.com>,Phish,18,0,21
<SZYNFHWKEALSENVLOEJPEWHM@hotmail.com>,Phish,33,16,31
<1155523117.15540.qmail@teachersfcu.org>,Phish,4,-1,44
<20060814042006.0E8666FA558@mail.example.org>,Phish,23,-1,6
<0g4n$$878809$-bu5d-0@lvj9cgtk3a.ds>,Phish,18,-1,49
<DCLEPETFGGDSENQCUAUL@eBay.com>,Phish,14,-1,17
<GAISMNEYNGWHBDFHGXTPRAAYB@aol.com>,Phish,33,16,31
<20060814224847.C687E738A7F@ns2.ypok.com>,Phish,7,-1,48
<@msn.com>,Phish,35,-1,0
<20060815051506.69FD16CD018@mail.example.org>,Phish,9,-1,68
<20060815120616.33B106CD058@mail.example.org>,Phish,4,-1,26
<20060815140948.3376B6CD137@mail.example.org>,Phish,9,-1,68
<BBXICWAXZIZEVNWMEXDIDSE@hotmail.com>,Phish,33,16,31
<BYGQTVIYDSKZNMEDJZREGHECL@charter.net>,Phish,33,16,31
<20060816003851.C7E056CD1EC@mail.example.org>,Phish,14,-1,17
<FVOAASOINGUAOLRYHXZGGES@hotmail.com>,Phish,34,17,45
<945361169.20000601322411@ebay.de>,Phish,21,-1,14
<20060816081643.E1F446CCDB9@mail.example.org>,Phish,23,-1,6
<20060816110651.DF4276FA274@mail.example.org>,Phish,32,-1,11
<20060816043533.1552D868FEB@olcsopc.hu>,Phish,15,-1,40
<iq$9ckg$5a2y9@3hfcz3bt7>,Phish,9,-1,68
<20060816170910.222EE6CD153@mail.example.org>,Phish,13,-1,15
<MICROS1LvuKebm4M2S000006a43@MICROS1>,Phish,34,17,45
<KSWSKLTUYQBWGVGYMIZZMKTZ@aol.com>,Phish,18,-1,16
<HOSHINOJ3Ih7jtrSByh0000006a@hoshino>,Phish,34,17,45
<44E38D48.9050600@riverdomain.com>,Phish,2,-1,43
<20060817124422.BC4336CD12B@mail.example.org>,Phish,23,-1,6
<1155825507.20795.qmail@paypal.com>,Phish,15,-1,49
<MANSFIELD9Ngv2LHD3n00000c4d@webbermail.local>,Phish,10,-1,16
<67EE7D21.0464014@REGISTRYADVANTAGE.com>,Phish,4,-1,26
<CA03DFB1.0234610@exmasters.com>,Phish,16,-1,49
<20060818075525.002A86CD072@mail.example.org>,Phish,13,-1,15
<20060818140429.F113D6CD1FA@mail.example.org>,Phish,14,-1,17
<20060818173202.BC9D16CD0D2@mail.example.org>,Phish,23,-1,6
<20060819080040.C3B866FA41A@mail.example.org>,Phish,43,-1,11
<200607180137.k6I1bgsp014790@web.abissnet.com.al>,Phish,4,-1,7
<20060819164808.9F93C6FA4A0@mail.example.org>,Phish,18,0,21
<2C20DF743769488@paypal.com>,Phish,33,16,31
<S2bCN12DVqys6nJZpop0000332c@s2>,Phish,27,-1,20
<20060820002551.6B8C16CD0DB@mail.example.org>,Phish,23,-1,6
<20060820034830.6F2F46CD05C@mail.example.org>,Phish,4,-1,34
<MAILSERVREmAVnMKzRe000004ee@mailservre.nirmalbang.com>,Phish,27,-1,56
<TNOVYKVHFDBACVBZFWLUOUV@yahoo.com>,Phish,10,-1,49
<20060820163829.B3C866CD1D0@mail.example.org>,Phish,33,16,31
<PRRDREXQMEXQGRJXDSMQ@hotmail.com>,Phish,6,6,52
<TESTSERVERAdfNjRAzj00001c99@testserver.cteurope.co.uk>,Phish,4,-1,26
<YLGSOYYCETMZVBVPHRVHNHVVA@yahoo.com>,Phish,6,6,52
<QUTIXILJUYFLAOAFVRYP@charter.net>,Phish,34,17,45
<200608211013.k7LADZZ08084@hosting4u.co.kr>,Phish,5,-1,50
<LPYLBZIYRSNRNURJKKNL@ncua.gov>,Phish,16,11,49
<CVEIMBJVZWCAPOYFXVYMZQ@comcast.net>,Phish,6,6,52
<OIGFDYBKLQOKWPEOXMYRROM@ncua.gov>,Phish,4,-1,26
<20060821220242.0547B9517A@G4Tower.localhost>,Phish,14,-1,17
<ZOADQCXGYPAOREOUGHMGSBBKG@msn.com>,Phish,14,-1,17
<QLKISLEBXJBXAGTMSVRHHX@earthlink.net>,Phish,33,16,31
<FKXKYMIJMTJFVYNNLZBIXRIDO@yahoo.com>,Phish,4,-1,34
<20060822113013.C08FC6FA499@mail.example.org>,Phish,23,-1,6
<CQZINEIMUPPUBBYKSEZXZ@aol.com>,Phish,33,16,31
<20060822141038.489EB6CD15C@mail.example.org>,Phish,33,16,31
<20060822230843.D8F98109CE1@storm1.snu.ac.kr>,Phish,18,-1,21
<UMPLMPSWQAICGNKERIMII@earthlink.net>,Phish,33,16,31
<E1GFe1j-0003qZ-5I@dc2-web29.assortedinternet.com>,Phish,6,6,52
<E1GFfmv-0001AP-RG@cp1.shieldhost.com>,Phish,27,-1,56
<E1GFgAn-0005M5-9E@dc2-web32.assortedinternet.com>,Phish,6,6,52
<E1GFgzJ-00057j-4l@dc2-web29.assortedinternet.com>,Phish,6,6,52
<E1GFjPd-0006oE-44@dc2-web15.assortedinternet.com>,Phish,6,6,52
<E1GFjUy-0002Cz-CA@dc2-web29.assortedinternet.com>,Phish,6,6,52
<E1GFjtM-0003S0-H5@cp1.shieldhost.com>,Phish,6,6,52
<E1GFkPS-0006Zq-2m@host.musicfansdirect.com>,Phish,6,6,52
<20060823081433.E64F26CD129@mail.example.org>,Phish,6,-1,52
<SERVER3xbYiMCIqtQvA00001f92@SERVER>,Phish,34,-1,45
<QHAWTRTUHCEVYWAVHMAFCND@comcast.net>,Phish,33,16,31
<HGUXOAHLRQOSPODBTJWWMQKYO@msn.com>,Phish,33,16,31
<20060823224906.064076FA4FC@mail.example.org>,Phish,43,-1,24
<JASON-XR17RGNL5pKsE00000769@jason-xr17rgnl5>,Phish,16,11,49
<EBZGZWPTUOECMUMUBYJVWGD@aol.com>,Phish,34,17,45
<QZQZKLLPZVTOIHUDJAKVEPO@hotmail.com>,Phish,34,17,45
<IGMBIPSBUDYQFXPWPGMJFAWR@msn.com>,Phish,34,17,45
<SARAHsXp73OOzjGiGe2000012bd@sarah>,Phish,34,17,45
<4ev258x58fh8$n-6$k716e8rz62ym@g15y.b.sje0>,Phish,5,5,50
<59-2fh2b--9677@g3im.1biql3>,Phish,5,5,50
<SARAHsXp73OOzjGiGe2000012bd@sarah>,Phish,34,17,45
<UYUPCRAXAOVDGESMQIZAGIVYH@msn.com>,Phish,4,-1,26
<UPJBBMKCHMVJKDRGLHMYH@verizon.net>,Phish,16,-1,49
<20060825022946.059E16CD168@mail.example.org>,Phish,16,11,49
<LSRGKUWSGSOZBBZSUCVPTAF@hotmail.com>,Phish,16,-1,49
<20060825092406.4A8396CD03D@mail.example.org>,Phish,23,-1,6
<DYQWFZYQRWNPFDEZVPKAMITY@earthlink.net>,Phish,33,16,31
<ATLANTANuQuN6tdqVvP00000365@atlanta.pridehealth.com>,Phish,16,-1,41
<20060825191609.2EFA7910A@node242.kao.re.kr>,Phish,18,-1,21
<WEDEMSDKYXSEUPCAKGLLNLQ@aol.com>,Phish,34,17,45
<20060826023107.E2B6A6CD0F3@mail.example.org>,Phish,34,-1,45
<1307461822.632@wachovia.com>,Phish,4,-1,26
<TTCXNFJUONGKZWMFSTXIPT@msn.com>,Phish,33,16,31
<20060826222158.DBAA86FA1CB@mail.example.org>,Phish,32,-1,11
<TKQPVXDVWWJAJKVSBQGMZ@yahoo.com>,Phish,33,16,31
<3you84zmb-rxcpz3r9s8w$0q02-2-s@f15.h.p.ne3.bj>,Phish,5,5,50
<@yahoo.com>,Phish,34,-1,45
<FXOAYUJDMKEJXRVTQNMXT@comcast.net>,Phish,33,16,31
<YNZWODFBCNFOYUKMQHVUE@aol.com>,Phish,33,16,31
<PASBQPTYPMPKGFMJBMHDJW@hotmail.com>,Phish,33,16,31
<LDRYDWVHWCTAGUUCMSBU@aol.com>,Phish,33,16,31
<20060828044919.017966CD1EB@mail.example.org>,Phish,23,-1,6
<m2-8abff-kl6-iim8m@yx9.mhp1.nam>,Phish,5,5,50
<WDHQTGDIQSXXNPJULNPULOQ@comcast.net>,Phish,33,16,31
<20060828125535.C3699869004@olcsopc.hu>,Phish,18,12,21
<20060829024037.410C06FA4EE@mail.example.org>,Phish,10,-1,16
<E1GHuyb-0000Tn-8y@sls-ea2p17.dca2.superb.net>,Phish,6,6,52
<b-57-esa-34$doh-6$-0q@bo4v.k.95>,Phish,5,5,50
<ta2$-w45-r411f$9@54z3yva96w05gn>,Phish,9,-1,68
<20060829214921.CEE3B1D8674@jnix1>,Phish,34,-1,45
<PASDLOITLGZWVRQRIULQ@msn.com>,Phish,6,6,52
<GPCKKEANQBNJMPYDLPSWI@yahoo.com>,Phish,34,-1,45
<QGODOXFGGLXXMBNRHCRJT@msn.com>,Phish,34,-1,45
<200608301717.k7UHHwJi026666@freebsd.hostaustria.at>,Phish,4,-1,46
<200608301720.k7UHKQHa032405@freebsd.hostaustria.at>,Phish,4,-1,46
<20060830231028.72DE36CD29B@mail.example.org>,Phish,34,-1,45
<E1GIac1-0005cR-Bb@cp1.shieldhost.com>,Phish,16,-1,58
<IQTZNKDDRYTSSQHDXCMIE@hotmail.com>,Phish,14,18,17
<TMDNDAQXEDDNBILBTEJJL@yahoo.com>,Phish,14,18,17
<VCTCDPXFHIXDGVXLMLJKS@hotmail.com>,Phish,14,18,17
<REGWZGGIDIWNPJGOTGVFYXN@hotmail.com>,Phish,14,18,17
<20060831093540.E75E06CD131@mail.example.org>,Phish,16,-1,49
<ZXSILVIHKUFKDTGXYUYLEML@yahoo.com>,Phish,33,16,31
<JINNJWDORIMHSSVRUJXXYXIJ@hotmail.com>,Phish,15,19,2
<20060831164216.890BF6FA520@mail.example.org>,Phish,23,-1,6
<YAETFBDLOKKJNBQDHNSBEPUF@earthlink.net>,Phish,15,19,2
<KAUUJOPORLLDBBZRCZHNJD@msn.com>,Phish,15,19,2
<20060901031837.E481C6CD256@mail.example.org>,Phish,43,-1,24
<AFAJGQMDTCALFKLCKYJOOYEQN@paypal.com>,Phish,15,-1,21
<EMLXVJVIJTLBNTDBFILL@aol.com>,Phish,15,19,2
<JXNCKARJVXAITESSJHFKARST@yahoo.com>,Phish,9,-1,68
<DWAPMZDIDJTLPCDXLANBQR@earthlink.net>,Phish,15,19,2
<20060901201248.329A76CD133@mail.example.org>,Phish,6,-1,52
<E1GJJfQ-0003ym-CJ@localhost.localdomain>,Phish,6,6,52
<PHKWQSTKEKOJTHRTJYSY@hotmail.com>,Phish,15,19,2
<PHCLNWTYMUWAQETOSZVMFU@aol.com>,Phish,33,16,31
<FXYYFRCCYCSGYOFFRNYPMC@comcast.net>,Phish,6,6,52
<WFWDKEKHNHLMQYNWUDVSJXYOU@verizon.net>,Phish,33,16,31
<EHGEEFWEHZRVNQNFDEHSEBA@earthlink.net>,Phish,33,16,31
<KNREDKRQBUFORPNPTCWCX@earthlink.net>,Phish,33,16,31
<PRPEHWGPJPWXLFHKTZBFUQJT@yahoo.com>,Phish,4,-1,26
<20060903100744.3AA156FA348@mail.example.org>,Phish,9,-1,68
<20060904015959.950756CCE9C@mail.example.org>,Phish,32,-1,11
<PFYRYMUXWBIXXXFRKMKKP@yahoo.com>,Phish,33,16,31
<GZXLMEDTFXQTTLHGTMLXEHZVQ@yahoo.com>,Phish,6,20,52
<KASMLEHUVQNWIPOQIRQWLHFHR@paypal.com>,Phish,16,-1,41
<WCICPMEHWIZDYDEJAXUX@yahoo.com>,Phish,33,16,31
<YTKUYLVZZXEFDFDJFKKFL@aol.com>,Phish,18,12,21
<d9ntjh$k14-t35-s@02wf.aq.a.7b>,Phish,16,-1,49
<AIBDRVLFWUCKJVZGQNGN@yahoo.com>,Phish,14,-1,17
<NLBLDOJXFGRDNBQVUHIZJMNW@yahoo.com>,Phish,14,-1,17
<HNEVOYGCPQIFCOWAMECEUX@hotmail.com>,Phish,18,21,21
<1307464655.1046@wachovia.com>,Phish,4,-1,26
<ULFDJZPHWPPIUXNNFVPNKDEDJ@chase.com>,Phish,14,-1,17
<1157464324.38475.qmail@paypal.com>,Phish,18,12,21
<YFGGGBFBNORNQXCHAQIEVSU@chase.com>,Phish,6,20,51
<GENBAGBPUDCKWLCSVTEMQEEFN@chase.com>,Phish,6,20,51
<SERVER35sQtgTIFprhM00000457@server.Gibbons.local>,Phish,12,22,63
<9e6f2ffe0acb91fe8ff184189cc1dc97@www.stratfor.com>,Phish,8,-1,22
<RQITTMPUDPOGHWEVBAGQNRQEQ@chase.com>,Phish,6,20,51
<20060907112919.0B64D6FA5D9@mail.example.org>,Phish,23,-1,6
<047301c6d2b2$b5e3e1a0$0100a8c0@decker>,Phish,4,-1,26
5RIkD9pICHAQu.DhBaEkl3xOIFB@barclays.co.uk,Phish,4,-1,26
<DOLLYXLsdAefpGtS79A00000337@dolly>,Phish,18,23,16
<20060908143142.4082941C603B@OgallalaKCNserver.local>,Phish,27,-1,20
<DVR-C5091AF67B5diix0000017e@dvr-c5091af67b5>,Phish,16,11,49
<200609091335.k89DZDjh022710@webmaidam.maidam.gov.my>,Phish,14,18,17
<20060909151432.EB5976CD080@mail.example.org>,Phish,32,-1,11
<20060909161000.D6A576CCDCE@mail.example.org>,Phish,4,-1,26
<XEQNCBVQGPQOVGPHKMLCM@yahoo.com>,Phish,4,-1,34
<IHEHUNURYJOPNWYNFOLDGKCR@charter.net>,Phish,33,16,31
eOtIPepfPtE1k.lyoiM04Cd0nnT@barclays.co.uk,Phish,4,-1,26
<20060910132115.310E76CD0D3@mail.example.org>,Phish,23,-1,6
<20060910151527.3A9766CD056@mail.example.org>,Phish,6,-1,15
<XBHUVAWRQHXVSOAIVTDSEVGU@earthlink.net>,Phish,33,16,31
<1157942293.18618.qmail@jpmorgan.com>,Phish,27,-1,20
<200609111537.k8BFb2f01406@hosting4u.co.kr>,Phish,14,-1,17
<02af01c6d5b3$f46108a0$a8a8a8c0@sheehan>,Phish,4,-1,26
<0$--8-3b$0569i-$3g$v8@35nyoz>,Phish,9,-1,68
<20060912023926.2DA94284C3E@mail.gamingeverywhere.com>,Phish,16,-1,2
<20060912102314.743336FA413@mail.example.org>,Phish,32,-1,11
<HUIJFFZLCYVUDCTMMWBFUH@chase.com>,Phish,4,-1,25
<n1733yx$ds0i0p1$j@e9s6.1w>,Phish,4,-1,26
<20060912125441.72CBC6CCFBA@mail.example.org>,Phish,6,-1,17
<8u-78$95-51iop18-w8c2@4tj.1.7o>,Phish,9,-1,68
<12345-3BB5A35DDfEfL00001fb5@12345-3bb5a35dd>,Phish,4,-1,26
<E1GNFgd-0002hZ-9q@host.musicfansdirect.com>,Phish,0,-1,17
<SZYXBRPBXXMCHBCFHGJFVJJX@verizon.net>,Phish,18,12,21
<20060913004937.8CA8BEE863@ns.acont.sk>,Phish,33,16,31
<6827389090.20051230183105@anz.com>,Phish,4,-1,26
<20060913114341.0F9D96CD0F2@mail.example.org>,Phish,15,-1,21
<20060913115009.C1DE56FA3CC@mail.example.org>,Phish,15,-1,21
<0fcecb8f1434def3e02b43a12051983f@localhost>,Phish,18,0,21
<200609132121.k8DLLHWk021737@mail.mirle.cn>,Phish,6,-1,0
<20060913225213.5CF286CD1A1@mail.example.org>,Phish,6,-1,52
<20060914024149.950506CD1D1@mail.example.org>,Phish,15,-1,21
<4hz-h-v85x9lz4$57@s5c.j.kc2y>,Phish,5,5,50
<VLRPQOXNTXEZTWJZKJBJNH@yahoo.com>,Phish,33,16,31
<1158264155.18397.qmail@arribada.ebay.com>,Phish,35,-1,0
<E1GNyTu-00063V-IN@server.gotwebhost.net>,Phish,16,-1,58
<20060914220731.13F8A6CCFDF@mail.example.org>,Phish,6,-1,15
<1158285930.31897.qmail@paypal.com>,Phish,18,12,21
<200609150619121.SM01096@User>,Phish,6,-1,15
<E1GOGne-0003cs-T7@cobra.chargertek.com>,Phish,4,-1,25
<20060915183105.BD6866CD03F@mail.example.org>,Phish,4,-1,26
<20060915160115.563.qmail@newsletter.hoffmanmedia.com>,Phish,5,5,50
<AC55F635.0985715@qop-re.com>,Phish,4,-1,34
<71CFEDBC.5990624@qop-re.com>,Phish,4,-1,34
<ZDLSBTYZGTHLTQDZFXLXL@comcast.net>,Phish,15,-1,2
<000c01c6d909$e6314700$8b00000a@wtf>,Phish,14,-1,17
<20060916165423.E18C56CD1FE@mail.example.org>,Phish,16,-1,49
<200609170148.k8H1mRaD015587@web1.gotrump.com>,Phish,16,7,49
<200609170158.k8H1wApA020737@web1.gotrump.com>,Phish,16,7,49
<20060917030418.5C3A06CD017@mail.example.org>,Phish,6,6,52
<E1GOoW8-0002kA-AK@dc2-web15.assortedinternet.com>,Phish,0,-1,17
<1158477082.272298.qmail@paypal.com>,Phish,16,-1,49
<6FAC2825.4562294@fc.uhaul.com>,Phish,4,-1,26
<35766234.5111017@ticino.com>,Phish,4,-1,26
<E1GOwDS-0000Vp-HK@10-0-0-21.sagonet.tld>,Phish,0,-1,17
<E1GP3hX-00063r-3p@dime85.dizinc.com>,Phish,4,-1,26
<200609180047.k8I0letQ047651@jimi.springsips.com>,Phish,4,-1,26
<REQBFFJPQILIUIOQCTHLMJNBE@charter.net>,Phish,15,-1,40
<EYZAIZLFEKCDRSYWQFYBXA@yahoo.com>,Phish,15,-1,40
<054093823231096BACKUP@synsheen.dacom.co.kr>,Phish,16,-1,49
<20060918055105.91CD96CD22C@mail.example.org>,Phish,6,-1,15
<FGDKEVNGLKEFUSAWWSQGOSU@msn.com>,Phish,15,-1,2
<WPSXGXXIBPZPHBUTIZJLV@yahoo.com>,Phish,15,-1,40
<200609180923.k8I9NQOt083903@jimi.springsips.com>,Phish,4,-1,26
<20060918112547.7D3956CD215@mail.example.org>,Phish,32,-1,11
<NQRYRQKWTNVZRUVADVQOK@comcast.net>,Phish,14,-1,17
<20060918200206.ED3626CD18E@mail.example.org>,Phish,43,-1,24
<TQASIORINUUWPWJZTHFYM@hotmail.com>,Phish,16,7,49
<RLCAIQPTFJVYNYPORJGPQW@msn.com>,Phish,16,7,49
<UJAVWKUEPRPWFHHEWNIP@hotmail.com>,Phish,16,7,49
<20060919060854.3347A6CD394@mail.example.org>,Phish,6,6,52
<XNWHMDDRXLIXISPDOOAGKYNRA@hotmail.com>,Phish,6,6,52
<20060919062718.8230.qmail@c-asc.co.jp>,Phish,4,-1,26
<3$97dr5d$985107h2-n$b@bjsz.rp6t8kt>,Phish,5,5,50
<LGIQWWJIJQKQYFFVETVKO@msn.com>,Phish,18,-1,21
<E1GPj0i-00062v-AF@dc2-web15.assortedinternet.com>,Phish,0,-1,17
<20060919213654.73F3D6FA4FD@mail.example.org>,Phish,16,11,49
<20060919231616.6D8376FA580@mail.example.org>,Phish,6,-1,52
<33918939.02031567@commonwealthbank.com.au>,Phish,4,-1,26
<1158706712.18618.qmail@jpmorgan.com>,Phish,27,-1,20
<20060920095442.BAB876CD25C@mail.example.org>,Phish,43,-1,24
<20060920141148.1A2086CD28B@mail.example.org>,Phish,6,-1,0
<PSFTQMRXEUKQHKNWEMDJZFV@msn.com>,Phish,15,19,2
<20060920205930.F043B6FA383@mail.example.org>,Phish,43,-1,24
<20060920231015.1529C46F140@mail.gamingeverywhere.com>,Phish,18,12,21
<20060921024636.9C7E3391672@s2.medienuniversum.com>,Phish,18,-1,21
<20060921034817.322E41C00245@mwinf1921.orange.fr>,Phish,0,-1,41
<FLXQVNTLKIASRMYQSFSLQE@hotmail.com>,Phish,14,18,17
<PORTACOMM29mNN79xav0000013b@portacomm29.portacomm.dom>,Phish,16,-1,16
<XX-FNDTYCUSCDAIAmsf00000021@xx-fndtycuscdai>,Phish,16,-1,49
<E1GQmjE-00066b-8R@aku.ksilebo.net>,Phish,6,6,52
<TRYZBOHJDDMTEFXEKKRJAMSUH@hotmail.com>,Phish,18,21,21
<20060922213118.7084E1C001C7@mwinf0906.orange.fr>,Phish,0,-1,41
<HOMGQRZYSDGSHKDLXGXLGCL@aol.com>,Phish,18,-1,49
<200609222259.k8MMxKdd008755@shininvest.ru>,Phish,27,-1,20
<TOTBNQOVUMBISMOBKQWMPYG@earthlink.net>,Phish,6,-1,30
<GUKRJMQYAPMPMYBXERQDDGQ@comcast.net>,Phish,15,19,2
<QIDPINMUSQCKNPFGTWHMMUX@aol.com>,Phish,18,21,21
<20060923115437.5673D6FA464@mail.example.org>,Phish,6,-1,52
<20060923205925.225A76CCFF2@mail.example.org>,Phish,0,9,41
<WUCMZXOQTDTMCWQBWNJS@earthlink.net>,Phish,18,21,21
<20060924182244.CB9E76FA372@mail.example.org>,Phish,6,-1,52
<20060924185204.297E66CD181@mail.example.org>,Phish,6,6,52
<LROHKVTMBBGCRPJFZEAQGNTKG@hotmail.com>,Phish,18,21,21
<IVACLAPOBKQALEXVCLNOKCTOV@yahoo.com>,Phish,6,20,52
<IBRCGXERFBTRDWQACAPFZRDD@yahoo.com>,Phish,6,20,52
<BJPMXKDSYNAKFCBCQDEOYQMP@yahoo.com>,Phish,6,20,52
<20060925171950.4E57773F441C@redakcja.trybuna.com.pl>,Phish,13,-1,15
<LUCVOFQAEWPACECUBSGDKZ@aol.com>,Phish,14,18,17
<20060925185405.52B7D3A7F32@s2.medienuniversum.com>,Phish,18,-1,21
<200609260349.k8Q3nI017381@ns.d4ukorea.co.kr>,Phish,16,11,49
<JFHMAWSWUEKEMQAZXLIDETIAK@bankone.com>,Phish,27,-1,56
<200609260608.k8Q68afB002686@copacabanapalace.com.br>,Phish,13,-1,15
<IOHEANXNSLMJVZGUHXNHTX@earthlink.net>,Phish,14,24,65
<k29727835ojy5xy8kee4j@i23lr.ev.y8n>,Phish,5,5,50
<KTOQLFDWTPQTLYDKVSGXVDK@yahoo.com>,Phish,15,-1,2
<HUXHHJBBVAIQLQPXJTOUTHEV@bankone.com>,Phish,27,-1,56
<20060927044848.9873B6CD317@mail.example.org>,Phish,6,6,52
<8C700306.1464990@apple.co.nz>,Phish,4,-1,34
<uueo4$$a$d1m54j2887v$-x4zuvfv@wt563>,Phish,0,9,41
<CMDONCVQMOSTKBBFEOYGEGJJO@eBay.com>,Phish,6,6,52
<DATACOUNTS5YFRcmVFO0000008c@datacounts.prod.leon.k12.fl.us>,Phish,33,16,31
<200609271722.k8RHMY821207@hosting4u.co.kr>,Phish,13,-1,15
<08d263019171b962103OOGAKI@2103oogaki>,Phish,33,16,31
<OFCMTGBRIACZFPEDWGHDZ@verizon.net>,Phish,15,-1,49
<E1GShtE-0000p1-00@trielect.com>,Phish,10,-1,16
<20060928003252.468BF6CD0F2@mail.example.org>,Phish,16,-1,49
<JXEUOLTMVMTHSSDSFXRM@yahoo.com>,Phish,18,21,21
<200609271225435.SM01180@User>,Phish,6,6,52
<LANGUAGEOQumDR0akfQ000005cb@language>,Phish,33,16,31
<E1GT4P1-0007Ca-Dj@host.nokiafree.org>,Phish,27,-1,20
<254a-sho6$t-8$h$-yl4db@a97.lw.vfgu>,Phish,0,9,41
<BNQGRHITWRKAGVKHTADVDK@hotmail.com>,Phish,18,-1,21
<1159533482.12744.qmail@jpmorgan.com>,Phish,27,-1,20
<20060929114319.DD2246CD277@mail.example.org>,Phish,6,-1,0
<20060929163410.56F2149C0@relay3.mail.twtelecom.net>,Phish,15,-1,49
<SBSERVERaJGsdoVPHpd00000e7b@SBSERVER.wwwebber>,Phish,33,16,31
<JPAHIDZHFDRQJTPUWWXRLDCQ@earthlink.net>,Phish,15,-1,49
<WGRJJESJFJWYXZPQIQGAUXTQC@yahoo.com>,Phish,27,28,56
<YNMGQQJCIYNUSNOORJWOWT@comcast.net>,Phish,18,-1,16
<MBPUQWSVAJTFZEQAMENDDBWOR@aol.com>,Phish,18,-1,16
<20060930142937.8A94D1C6063@h122673.serverkompetenz.net>,Phish,6,6,52
<TOLVMDJ5LN581SNplKc00000a8c@tolvmdj5ln581>,Phish,13,-1,15
<200609301843.k8UIhKIr003083@localhost.localdomain>,Phish,0,9,41
<CFLXFLNIGMJMDONNYGJE@hotmail.com>,Phish,18,-1,16
<MRRHSMXADXIYDKRERAFEXJ@comcast.net>,Phish,6,6,51
<VWIZYANNBSNGBCNVSKYOPRWK@aol.com>,Phish,18,-1,16
<75t08f-$xo0t69565$2@0o1h8peong>,Phish,4,-1,44
<20061001174213.29331.qmail@merkur.domains.sk>,Phish,16,-1,2
<200610012030.k91KTBb1021035@ocarinamaul.com>,Phish,13,-1,15
<QDQATDGWRAHDCMXUVNIZVH@verizon.net>,Phish,18,21,21
<20061002083632.BD8036CD1F6@mail.example.org>,Phish,35,-1,0
<20061002142414.83B146CD1B0@mail.example.org>,Phish,0,-1,17
<20061002181519.239686CD080@mail.example.org>,Phish,12,22,63
<TLJZPSILKBJAEXLAKHLRPE@verizon.net>,Phish,18,21,21
<JNCZQLUXXFEJNACVYDIRMR@verizon.net>,Phish,18,-1,21
<6h814ria41q$m7b-qi$f0cwgq2-s@6khkmzc>,Phish,4,-1,44
<20061002230817.A28AF6CCFE9@mail.example.org>,Phish,14,24,65
<BWJILWSCTIJSAHSKHZWSGWXH@aol.com>,Phish,16,-1,49
<COMPAQPRESGLoU2gOHp0000011a@compaqpres>,Phish,16,-1,2
<SERVER1Jqj0CYixMwIn00001931@server1.tri-mar.net>,Phish,14,24,65
<HUNSWSIIXVKPAIVQKJHZHVTS@yahoo.com>,Phish,6,6,52
<RSFRTSDKIEYLRZXLOVSCAFBVP@yahoo.com>,Phish,6,6,52
<200610031956.k93JuJ0w011473@localhost.localdomain>,Phish,14,-1,17
<CKSPXGRSPCTYFCBOEFWEV@aol.com>,Phish,16,-1,49
<200610041124.k94BOX9N011154@bart.cc.utexas.edu>,Phish,4,-1,26
<20061004115900.26ED16CD0F9@mail.example.org>,Phish,13,-1,15
<20061004144405.3DE836CD1D3@mail.example.org>,Phish,16,-1,49
<BZSTORAGEeAzdfTVSxz00000482@BZstorage>,Phish,16,11,49
<20061004190314.43D1C6CD1D1@mail.example.org>,Phish,35,-1,0
<200610042250.k94MoXQn008920@ylpvm29.prodigy.net>,Phish,6,-1,52
<1$9f$i7q$weg06t35@74o.l.ip>,Phish,5,5,50
<20061005113005.B08A86CD046@mail.example.org>,Phish,4,-1,44
<200610051343.k95DhHQ16555@server155.baitop.net>,Phish,13,-1,15
<20061005174718.665A45006F37@OgallalaKCNserver.local>,Phish,16,10,49
<1160085830.12744.qmail@paypall.com>,Phish,16,10,49
<1160208628.18618.qmail@ebaymotors.com>,Phish,6,6,52
<E1GVwld-0001Ic-V7@vsez.us>,Phish,14,-1,17
<20061007001933.8B4B96CCEC7@mail.example.org>,Phish,4,-1,26
<MZEAARHYSIPWNTNKIFXIKLC@comcast.net>,Phish,16,-1,41
<130746321.219@nationwide.co.uk>,Phish,4,-1,26
<20061008002217.367E061C92@Proxi-Squid.local>,Phish,4,-1,44
<20061007213256.D78D26CD1BB@mail.example.org>,Phish,5,5,50
<20061007224803.5D55A6FA470@mail.example.org>,Phish,0,9,41
<1160268145.35928.qmail@eBay.com>,Phish,6,6,52
<47E7927C.5947896@chimera.co.nz>,Phish,4,-1,26
<200610080441.k984f9CY003552@carrumdowns.subdepot.couriersplease.com.au>,Phish,4,-1,44
<C6D53C2B.0068232@domainz.net.nz>,Phish,4,-1,26
<20061008111244.8A6586CD09A@mail.example.org>,Phish,5,5,50
<20061008195829.08E226CD167@mail.example.org>,Phish,0,9,41
<200610081513.k98FDEs12879@ensim.myhotboard.com>,Phish,6,-1,52
<COMPUTERusluCBcKfEx0000015e@computer>,Phish,27,-1,56
<20061009061347.E35096CCE9F@mail.example.org>,Phish,43,-1,24
<19j8t-4v60$856z@5vh.iu>,Phish,5,5,50
<200610091748.k99HmLRM030093@wiltec.info>,Phish,5,-1,27
<----=_NextPart_037_1C6ECF8_8F6C100A.2600000A>,Phish,32,-1,11
<B44F7124.9103294@artfind.co.nz>,Phish,10,-1,16
<1160430940.29189.qmail@arribada.eBay.com>,Phish,6,-1,30
<ED-W-SBSXeTpNc1WGfL0000da1b@mail.echter-druck.de>,Phish,15,-1,21
<heard@yahoo.com>,Phish,4,-1,26
<nc963qiworwg67$74627974-2p3$60f@c1nh.i4zjd.8h>,Phish,5,5,50
<SERVER08ayPlGb9bsFm00010049@server.Quorum-Inc.local>,Phish,16,11,49
<1160534601.52910.qmail@eBay.com>,Phish,6,6,52
<01A4E82B.E177F3B@magnusinc.com>,Phish,9,-1,47
<E1GXitl-0000nZ-S3@server.brazzil.com>,Phish,6,6,52
<E1GYKj6-00041m-62@chicago170.server4you.de>,Phish,4,-1,44
<E1GYKrx-0005rE-Hw@chicago170.server4you.de>,Phish,4,-1,44
<200610131459.k9DExPLw014520@blackburn.subdepot.couriersplease.com.au>,Phish,4,-1,46
<E1GYYUK-0004QM-1T@hemi.chargertek.com>,Phish,14,-1,17
<E1GYjb2-0005aE-BK@hyde.hardwareluxx.de>,Phish,6,6,52
<200610161208.k9GC82M16813@67sparks.67sparks.net>,Phish,10,-1,16
<E1Gagui-0004UW-LL@akalin.log-on.com>,Phish,6,-1,51
<20061020093828.BAFD05C8922@mx.broad-tech.net>,Phish,6,6,52
<MAILSERVERhEUsebmsp00000c7e@mailserver.jmcss.org>,Phish,12,22,63
<MAILSERVER1gKmmwOsc00000ded@mailserver.jmcss.org>,Phish,18,-1,21
<7A4B3T-bxH8vb-HZ@cpanel.leggy.com> ,Phish,6,-1,52
<E1GdeU2-0008MK-8q@www.de-viz.ru>,Phish,4,-1,44
<E1GeBV7-0009fp-Lo@server006.hostspectrum.com>,Phish,6,-1,51
<20061101225944.38B53571365@bmesrv.com>,Phish,14,-1,17
<200611020950.kA29olA21929@lma627.siteprotect.com>,Phish,6,-1,52
<1162575187044.eBay-US.705443.503284.0@reply.ebay.com>,Phish,6,-1,17
<20061105201805.3680.qmail@p15184786.pureserver.info>,Phish,15,-1,21
<200611081214.kA8CEbIN018631@hosting.ponyclub.org>,Phish,5,-1,27
<1130384585.13653@paypal.com>,Phish,15,-1,21
<20061110163132.58900.qmail@freebsd167.cost.it>,Phish,0,-1,41
<ATMMCLSTR01Ta6aefbG000038fa@mail.atmlawfirm.com>,Phish,12,-1,63
<E1GiXEz-0005Ac-Gg@nhvsrv203.nethotel.at>,Phish,27,-1,20
<1163505209.28685.qmail@eBay.com>,Phish,14,-1,17
<E1GkDQ9-0007Tt-DE@sv1.tivi.net.pl>,Phish,4,-1,46
<014001c708b8$961d3650$96f04545@ukbtivv>,Phish,16,-1,58
<023601c7096c$a7a6c170$52180cd8@dynokq>,Phish,16,-1,58
<20061117033721.A55076FA34C@mail.example.org>,Phish,6,-1,30
<JKAOQJCAEBBKHSVJXDWAC@topmail.de>,Phish,6,-1,30
<20061118024657.6E77B6FA61F@mail.example.org>,Phish,43,-1,24
<20061118042506.3CB94EFEC9F@localhost>,Phish,7,-1,7
<20061119183442.5E48C6FA76E@mail.example.org>,Phish,6,6,52
<20061121231957.0D73B193C59@puma.fun.cz>,Phish,16,-1,58
<20061122175637.61259.qmail@host218.ipowerweb.com>,Phish,4,-1,34
<E1GnHuT-00028u-00@mrvnet.kundenserver.de>,Phish,6,-1,52
<E1GnLKL-0002YQ-00@mrvnet.kundenserver.de>,Phish,6,-1,52
<4EA517B5.0145224@ninja.dk>,Phish,4,-1,26
<723D6CF0.2987626@nimishshah.com>,Phish,4,-1,26
<20061127001814.80D6621B050A@localhost>,Phish,6,6,52
<200611280036.kAS0aHBm016125@mail.tppppc.gov.tw>,Phish,18,-1,21
<200611291927.kATJRhKt023346@localhost.localdomain>,Phish,4,-1,34
<20061130212813.2981E513B257@crownprepress>,Phish,6,-1,52
<20061202234426.676F45727A8@bmesrv.com>,Phish,6,25,30
<20061202234426.676F45727A8@bmesrv.com>,Phish,6,25,30
<20061203024344.2495E58E022@bmesrv.com>,Phish,6,25,30
<20061202225846.D61706FD0D1@mail.example.org>,Phish,5,-1,27
<200612022344.kB2NiHcL013759@nfs1-cluster1-med1.carpediem-it.co.uk>,Phish,14,-1,17
<E1Gr4DV-0000GL-1t@sh58.surpasshosting.com>,Phish,14,-1,17
<ZXYIFWRXFKMJMRYFQNZTMJO@charter.net>,Phish,18,-1,21
<QNNBLVHDIDUAUODWQSWQS@verizon.net>,Phish,18,-1,21
<TVVPGKSFGCNFZBXIWLCMCPT@hotmail.com>,Phish,18,21,21
<ZWXPGVZSBOSHOQMQURAVMO@comcast.net>,Phish,18,21,21
<PPRJKFEUQPRKYAJRALYAKBJ@aol.com>,Phish,6,6,52
<20061204211545.SM02144@User>,Phish,5,-1,27
<AMCMAILj1JMJofg60gk00063c7d@amcmail.nationaljournal.com>,Phish,12,-1,63
<E1GrbpA-0006W8-VH@server.hostfit.com>,Phish,6,25,30
<E1Grcjy-0008IA-DT@server.hostfit.com>,Phish,6,25,30
<200612051934.kB5JYPwa030377@linus.webscope.com>,Phish,6,25,30
<E1Grh0O-0005EB-8Q@server.1a-consultants.com>,Phish,6,25,30
<200612060542.kB65g1X6000427@web5-cluster1-med1.carpediem-it.co.uk>,Phish,18,0,21
<FUQREGWYUTPSICDRXYXZ@hotmail.com>,Phish,6,6,52
<20061206045068.SM00876@User>,Phish,14,-1,30
<20061206220922.7D69E131FD49@mail.example.org>,Phish,6,6,51
<IATAQZAXQSHAPYKDMDMB@msn.com>,Phish,18,23,16
<20061206220431.C07212E587A@mail.seniorsoftware.ro>,Phish,4,-1,44
<20061207035547.CFC712EDA6A@mail.seniorsoftware.ro>,Phish,4,-1,44
<HOME-KHYNZ6R3G8zGNs00000f0c@home-khynz6r3g8>,Phish,6,6,52
<TX4DMAT01BekWo76Uai00000b67@TX4DMAT01>,Phish,5,-1,50
<VIA1IWMzRsft83wxnGK0000043c@via1>,Phish,6,6,52
<20061207093204.760222FC6F7@mail.seniorsoftware.ro>,Phish,4,-1,44
<ZOUUYJTIHITVDHIMLEIOL@hotmail.com>,Phish,18,23,16
<GGSYCUJPTWBOXZRRBBISWJWSA@msn.com>,Phish,5,-1,27
<20061208094541.5A8C131E241@mail.seniorsoftware.ro>,Phish,6,6,52
<MAILSERVER01IBSIeSO000013a0@mailserver01.nalis.gov.tt>,Phish,6,6,51
<20061208124544.EEAAC35C98D@mail.seniorsoftware.ro>,Phish,16,11,49
<200612092024.kB9KOOrT022122@nlpi012.sbcis.sbc.com>,Phish,4,-1,44
<TVZPUCFJPAWDYZSRLDMAXMGQ@aol.com>,Phish,5,-1,50
<20061210061506.C05EF6FA1A8@mail.example.org>,Phish,32,-1,11
<200612082150.kB8LolY15977@srv1.frigoestrela.com.br>,Phish,14,-1,17
<INCTWNWSNLTAAZIRQXDBGLT@yahoo.com>,Phish,5,-1,50
<20061210184303.665731320196@mail.example.org>,Phish,16,-1,49
<SVR1LNhmcWdAvptmbIm00009003@svr1>,Phish,0,-1,41
<20061211172900.10F9A131FEF3@mail.example.org>,Phish,0,9,41
<200612120639.kBC6d3XT003290@lcdpia.com>,Phish,18,-1,21
<SERVER5x9Iq9OeP5ysh00034604@server.Quorum-Inc.local>,Phish,18,-1,21
<20061213060813.6F1546FA1A8@mail.example.org>,Phish,4,-1,44
<200612131934.kBDJYB416280@ebzonline.com>,Phish,14,-1,17
<MGDSpAOAkK5LqN33HFn00000066@mgds>,Phish,18,-1,21
<SERVERzGkzMcvsq9IcV000002f5@server.Quorum-Inc.local>,Phish,18,-1,21
<20061214054351.B2C93131FB89@mail.example.org>,Phish,4,-1,25
<20061214092432.653591C0008C@mwinf2027.orange.fr>,Phish,16,-1,49
<NR-DCpNnD53ovfidYWB00000d4e@mx1.nsrit.com>,Phish,12,-1,63
<20061214203639.EB0666FA1C4@mail.example.org>,Phish,32,-1,11
<90F9D876.5044079@voila.fr>,Phish,7,-1,18
<CONNAUGHTn9Wgtc2S6A00000a3a@connaught>,Phish,16,2,49
<EANVQULKNDFFTNOQVIFYTTZF@paypal.com>,Phish,15,-1,49
<AHVYUSYVYKNBTENYLGMNEWWZ@verizon.net>,Phish,6,6,52
<PVFGLQSQKBAZBDZKIXBFXYZWX@earthlink.net>,Phish,6,6,52
<LPKMOKIABOFEOJYBFBEUPYRP@msn.com>,Phish,18,-1,21
<NKXHXOBXSXTKMXENQMFRJB@comcast.net>,Phish,18,-1,21
<YYYMHKLBLLMQNHPULOPDXPLI@aol.com>,Phish,18,-1,21
<EGXQZMADOQCAOUZMIILP@yahoo.com>,Phish,6,6,52
<20061217150902.D943410EB08A@mail.acepta.com>,Phish,6,6,51
<200612171739.kBHHdKx9030651@m1.plainsmantire.com>,Phish,5,-1,27
<20061217234915.E545B6FA1C1@mail.example.org>,Phish,43,-1,24
<USER-Q1T1MVWJYYI0xX000003e1@user-q1t1mvwjyy>,Phish,4,-1,34
<USER-Q1T1MVWJYYI0xX000003e1@user-q1t1mvwjyy>,Phish,4,-1,34
<1166453494.21148.qmail@paypal.com>,Phish,15,-1,49
<QOIRCMPVURLCIWUZWNLKJWKBM@comcast.net>,Phish,18,21,21
<PGBZFANKXBMXUWARNVZDHTSRE@comcast.net>,Phish,6,6,51
<20061218182256.4C2F2131FCD4@mail.example.org>,Phish,13,-1,15
<OYZHPKHZOLUTGHQNOUNSFOKMO@verizon.net>,Phish,18,-1,21
<OAE-S3abjKoMFYsDSzh00007bd3@OAE-S3.Oceanairent.com>,Phish,6,6,52
<20061219032117.03EC06FA1A8@mail.example.org>,Phish,32,-1,11
<1166489317.42200.qmail@bankofamerica.com>,Phish,4,-1,46
<8B3D5F9A.1240775@c2i.net>,Phish,4,-1,26
<DCAF8D6A.2476929@nisursystems.com>,Phish,4,-1,26
<FMTP-FTPk3sxrDJaqez00001745@fmtp-ftp.fmtool.com>,Phish,5,-1,27
<E1Gwnsw-00062S-9t@eserverz.de>,Phish,4,-1,44
<200612200201.kBK21H5A016550@hyper.simplecom.net>,Phish,0,26,40
<LCLRNVODEIGBHOUTRESJSEYYO@comcast.net>,Phish,6,6,52
<SERVERDQLGJZGT9KP4v00000879@server.ul-com.local>,Phish,0,26,40
<XFFKAPASACJTEXQPVBKBHT@msn.com>,Phish,6,6,52
<20061221101340.6FB82136D17@S80473.unwirepark.com>,Phish,5,8,50
<PZWPCSSFGVOZJEFQUQBCZJCH@earthlink.net>,Phish,18,23,16
<NLPAAKRTLQBTIUXDPVYQTQR@comcast.net>,Phish,6,6,52
<E1GxnvD-00035n-FS@server2.mandevco.com>,Phish,16,2,49
<200612240627750.SM01152@User>,Phish,6,6,51
<BEATRIXBtbuJX3XTmLc000002c8@beatrix>,Phish,4,-1,44
<20061225100324.B589D131FE3B@mail.example.org>,Phish,4,-1,44
<MAIL-SERVERy8VBDUfd000011e9@mail-server.LBR.com>,Phish,6,6,51
<200612261637570.SM02244@User>,Phish,6,6,51
<DAMN2JZZJfwTXSRdZqo00000953@damn>,Phish,4,-1,26
<DAMN2JZZJfwTXSRdZqo00000953@damn>,Phish,4,-1,26
<20061227192907.1B2BB6FA1A8@mail.example.org>,Phish,43,-1,24
<AMGSERVER01XEnSxHnY000023a9@AMGServer01.amg.local>,Phish,4,-1,44
<200612282155.kBSLtUo2012145@nlpi015.sbcis.sbc.com>,Phish,5,8,50
<200612300138.kBU1cU5U025725@kingdom.int>,Phish,4,-1,46
<20061229144720.D551580EC5@kohgiken.co.jp>,Phish,14,-1,17
<NTMAILhAssGzeKkWGP6000012b3@ntmail.kunjang.ac.kr>,Phish,6,6,51
<XSAKULIJAZYZEECMBMJKOPKVY@yahoo.com>,Phish,6,6,51
<200612292026875.SM01540@User>,Phish,6,6,51
<AEIWOMTVRPFHKNKDUGZS@yahoo.com>,Phish,6,6,51
<754826147.47108@account@paypal.com>,Phish,16,11,49
<@msn.com>,Phish,4,27,26
<@verizon.net>,Phish,4,-1,26
<@verizon.net>,Phish,4,-1,26
<LYOGUWBSSEDEZFVFQMLG@comcast.net>,Phish,6,6,51
<200612312019.kBVKJ8Xh003551@webazart.azz.ru>,Phish,15,-1,2
<TRGWKYBEAPUTHWKRYKLWYKCE@yahoo.com>,Phish,6,6,51
<200701011850937.SM01292@User>,Phish,6,6,51
<SAVRELAY2EUQwFuLH4F0000527b@mail.hopehospice.org>,Phish,5,-1,50
<PCYKAUZPMARLZTMWJERNAQ@yahoo.com>,Phish,6,6,51
<20070102235527.9B15F6FA1C1@mail.example.org>,Phish,0,9,41
<200701030246.l032kHB13711@spam.thegeekempire.net>,Phish,0,9,41
<PSFSjn04x29xDbH8J0s000003ee@psfs.psdomain.net>,Phish,4,-1,46
<JUOYLFSOELPEQYASYHSOKWZL@charter.net>,Phish,18,21,21
<20070104112729.8F4F96FA1C1@mail.example.org>,Phish,43,-1,24
<IYOFOOCBHIZMGBCNJXXDXUOJ@yahoo.com>,Phish,6,6,51
<20070105090719.29038.qmail@pauillac.nexen.net>,Phish,13,-1,15
<20070105090205.24085.qmail@pauillac.nexen.net>,Phish,13,-1,15
<20070105223648.563DE6FA1A8@mail.example.org>,Phish,43,-1,24
<20070107082103.C386B6FA1A8@mail.example.org>,Phish,32,-1,11
<08623593.20020101000319@bsch.es>,Phish,30,-1,14
<20070108083710.23324.qmail@hopesjourney.org>,Phish,4,-1,26
<20070108104231.1AC28131FD0B@mail.example.org>,Phish,5,-1,50
<B0001403002@cmsweb2.nch.com>,Phish,12,22,63
<SFMINETbarVRdss4cnI00000491@mail.southernfood.net>,Phish,0,26,40
<003001c733d9$38217657$736464c0@soltani>,Phish,21,-1,14
<200701091337.l09DbEG02389@hosting4u.co.kr>,Phish,5,-1,27
<200701091429.l09ETCVt004236@web.nscgb.com>,Phish,4,-1,26
<200701091428375.SM01524@User>,Phish,6,-1,15
<200701091428375.SM01524@User>,Phish,6,-1,15
<200701091455671.SM01524@User>,Phish,6,-1,15
<20070109194193.SM02220@User>,Phish,6,-1,15
<SHU-EXCHySjWrywNIRt00000ee6@shu-exch.SHU.local>,Phish,6,6,51
<MAPLEyTzZ1XT9HdaUET000003d9@maple.forest>,Phish,0,-1,20
<20070110185114.32557131FDA4@mail.example.org>,Phish,4,-1,46
<dignitary@yahoo.com>,Phish,4,-1,26
<20070111035446.SM00892@User>,Phish,4,-1,26
<1168470949.143322.service@eBay.com>,Phish,14,-1,17
<FHSVR01MUCiIpzoDtLv00000d38@FHSVR01.futurehorizons-autism.local>,Phish,5,-1,27
<200701120120546.SM01716@User>,Phish,4,-1,26
<USESVRZd0488AqAYrGM00000f36@mail.usequitymortgage.com>,Phish,4,-1,26
<divisible@yahoo.com>,Phish,4,-1,44
<BGWXNUKMQRXJCBVXMLHTO@msn.com>,Phish,14,24,65
<TAFKINRPOSQKVCPCVDUG@msn.com>,Phish,14,24,65
<20070113104044.BDAA3131FB39@mail.example.org>,Phish,6,6,51
<200701110324765.SM01080@User>,Phish,5,-1,27
<20070115013227.03B6B134C06@S80473.unwirepark.com>,Phish,5,8,50
<20070115075730.7114B131FDCC@mail.example.org>,Phish,0,-1,20
<ester@yahoo.com>,Phish,27,28,56
<PYNDHHMIJLMPSPELOCPBD@verizon.net>,Phish,4,-1,46
<20070115164425.40E3D6FA1A8@mail.example.org>,Phish,32,-1,11
<WHFYKPVBUKFEPKEJORLAGNQCS@earthlink.net>,Phish,4,-1,46
<LZWMHTYCQFJYSVGKMDZOLQTP@verizon.net>,Phish,0,-1,20
<@earthlink.net>,Phish,6,6,51
<C1D24ABC.7BCD%user@example.com>,Phish,4,-1,26
<MASTERCRAFT01fqWcH800003f6d@mastercraft01.Mastercraft.Local>,Phish,6,6,51
<MNJSERVER8wcdZ06YO40000029b@mail.mnjtech.com>,Phish,14,-1,25
<CGY-EX2ZjGazDE7lk5E0000482a@Cgy-Ex2.Agatlabs.com>,Phish,10,-1,16
<HQGW955002MVFhIhVx00000305b@HQGW955002.azimnt.americanaffordablehomes.com>,Phish,0,26,40
<20070117042507.82BB1BB528@server63.ebyserver.de>,Phish,0,-1,41
<CITRIXSERVER0SYNIPu000001b8@citrixserver>,Phish,14,24,65
<20070117143019.501476FA1C1@mail.example.org>,Phish,13,-1,15
<03db343376c2e1b2e3d4f8f74737529b@e3slt.com>,Phish,14,24,65
<543f93e71471749d0b53d17452f8de8d@e3slt.com>,Phish,14,24,65
<E1H7RYW-0006VU-8i@svr01.netskin.net>,Phish,4,-1,26
<200701181439.l0IEdlC9032565@server1.sprycat.com>,Phish,5,-1,50
<HQGW955002GNuVZWGqj00003da2@HQGW955002.azimnt.americanaffordablehomes.com>,Phish,0,26,40
<20070119012809.C754B6FA1C4@mail.example.org>,Phish,32,-1,11
<brian@yahoo.com>,Phish,27,28,56
<20070119073837.28E484113D0@p15166517.pureserver.info>,Phish,0,-1,41
<SERVERgwiniMnmTZqTD00000c07@mail.beverlyfarm.org>,Phish,6,6,51
<20070120010906.31004A8875@WebServer.local>,Phish,4,-1,34
<1169304889.23738.qmail@eBay.com>,Phish,6,-1,17
<20070120013437.AA0E01580CE@harans.haracs.co.jp>,Phish,34,-1,45
<200701201116.l0KBG6RG012973@mail.kingbus.com.tw>,Phish,27,-1,20
<20070120135454.65B3DB483E@iote03.uninterventoriasena.com>,Phish,34,-1,45
<5A4D8B8D-6DEE-49C4-8684-9F04248D8832@gizmolabs.org>,Phish,6,-1,48
<20070120222627.A3D936FA1C7@mail.example.org>,Phish,43,-1,24
<20070118165194.SM00708@User>,Phish,12,22,63
<XZKOSIBWKTVFNIDUDNNYG@verizon.net>,Phish,6,6,52
<20070121175758.86AD3131F8D4@mail.example.org>,Phish,6,-1,51
<E1H8h7q-0007RS-1a@ns.waiphra.com>,Phish,18,-1,49
<20070121193850.440F26FA1A8@mail.example.org>,Phish,43,-1,24
<E1H8kH2-0007X8-54@server1.exservers.com>,Phish,4,-1,44
<JUFXENJOPQOTXBJEGXMXFKWEI@msn.com>,Phish,16,11,49
<8s$wzk8$$x59p-c-r1@gr3.g.8nkd>,Phish,27,-1,20
<@yahoo.com>,Phish,6,6,52
<nationwide@yahoo.com>,Phish,27,28,56
<1169466518.34213.qmail@eBay.com>,Phish,14,-1,17
<20070123051849.F273C131FADA@mail.example.org>,Phish,27,28,56
<20070123045123.56445B3C380@localhost>,Phish,0,26,40
<SERVERUKurw7OCvlwBx00000e14@server>,Phish,0,-1,20
<SERVERUKurw7OCvlwBx00000e14@server>,Phish,0,-1,20
<20070123130931.BF0F2BDFD85@localhost>,Phish,0,26,40
<20070123215646.0259D9E1B7@apache4.bluevisp.nl>,Phish,6,-1,30
<20070124023552.A918D6FA1C4@mail.example.org>,Phish,43,-1,24
<20070123211657.22611.qmail@mail.webxpress.hu:webxpress.hu>,Phish,6,-1,30
<20070124053706.BC86ABDEA@apache2.bluevisp.nl>,Phish,6,-1,30
<E1H9awn-0007pz-V3@unix9.vizawebserver.com>,Phish,6,-1,30
<20070124104224.8142031136A@server5.kundenserver5hsgbr.de>,Phish,4,-1,46
<@verizon.net>,Phish,6,6,51
<E1H9o1B-0006LA-RB@unix9.vizawebserver.com>,Phish,16,-1,49
<20070124215420.ELEW12496.fep04.xtra.co.nz@gillmans.co.nz>,Phish,16,-1,49
<DIALERpxgbWMgQ89vLU00000a39@dialer>,Phish,27,-1,56
<SNLCEHJHAQCWPKBPYRHAIOG@eBay.com>,Phish,6,6,51
<20070125010445.DE0CD6FA1A8@mail.example.org>,Phish,32,-1,11
<20070124190142.24465.qmail@mail.webxpress.hu:webxpress.hu>,Phish,16,-1,49
<20070125041315.A5877A831A@host.thaidoweb.com>,Phish,6,-1,15
<@yahoo.com>,Phish,4,-1,34
<20070125103929.55C026FA1C1@mail.example.org>,Phish,16,-1,49
<20070125211510.58DA66FA1CA@mail.example.org>,Phish,32,-1,11
<20070125223047.AEF13113FE6@dd2032.kasserver.com>,Phish,4,-1,34
<20070125233914.9B6A51BF02@lujan.uninet.edu>,Phish,12,22,63
<J-RIYXGZLLH5OPIYMFD00000407@j-riyxgzllh5opi>,Phish,27,-1,56
<E1HAGqM-00056X-JZ@ebru.winwebhosting.com>,Phish,4,-1,34
<E1HAK9k-0007t5-Vs@unix9.vizawebserver.com>,Phish,6,-1,30
<GTDVGIZTCJXFORTEOCVON@msn.com>,Phish,6,-1,30
<E1HAMEI-0002Qt-MV@unix9.vizawebserver.com>,Phish,6,-1,30
<WFZLTYQRFYMCWHDGJOMBAJQKR@eBay.com>,Phish,6,6,51
<B0009094596@sp.axd.com>,Phish,12,22,63
<EEGINQFVOEFVIUXUAWBGI@hotmail.com>,Phish,4,-1,44
<200701261023718.SM00912@User>,Phish,27,-1,20
<@verizon.net>,Phish,6,6,52
<SPRUDKTJEPBFLBKADNTYEYGB@msn.com>,Phish,16,-1,49
<B0009160627@sp.axd.com>,Phish,12,22,63
<1169764063.13922.qmail@>,Phish,4,-1,34
<AIS-SBS8wAddX47sFoa00000e92@aisparagon.com>,Phish,6,25,30
<20070127093408.C5FC66FA1C4@mail.example.org>,Phish,43,-1,24
<20070127051609.C30B4136B029@mail.dlf-spa.com>,Phish,4,-1,34
<EFSEXCHANGEktkpgnkT00000e00@efsexchange.efs.domain.com>,Phish,12,22,63
<HWKBDZHZGQLLOUJOVNKAUSZPE@eBay.com>,Phish,6,6,51
<20070127121443.20393.qmail@mail.webxpress.hu:webxpress.hu>,Phish,4,-1,26
<NNDLIZFBAHOQBEHUOCBSWWO@earthlink.net>,Phish,27,-1,20
<20070128151941.C89096FA1A8@mail.example.org>,Phish,32,-1,11
<20070127115550.17677.qmail@mail.webxpress.hu:webxpress.hu>,Phish,4,-1,26
<20070128140532.9B4B4157AD9F@mail.dlf-spa.com>,Phish,4,-1,34
<20070129020521.C44A16FA1A8@mail.example.org>,Phish,43,-1,24
<UEMBLSAJUHJTLSUKDKPQU@msn.com>,Phish,4,-1,46
<200701290727.l0T7RG4W032574@localhost.localdomain>,Phish,4,-1,46
<AJSERVERIfu4FbATcFZ000016af@mail.ajlog.com>,Phish,14,-1,17
<CRPDCr6wEDI2bLuUBZ5000000ba@commroof.com>,Phish,18,12,21
<200701291725.l0THPepo022711@nixzone.com>,Phish,16,-1,2
<2beb301574271934e674290f97872eab@www.priisa.info>,Phish,30,-1,14
<GKGIQZGMXFJXKUMXZQKTSOW@ebay.com>,Phish,14,-1,17
<YDVDGQJNBFSIUEILKLHRNHAH@msn.com>,Phish,35,-1,0
<SERVER2dk4RA59w1PAy0000068a@linsalata.com>,Phish,6,6,52
<SERVER2dk4RA59w1PAy0000068a@linsalata.com>,Phish,6,6,52
<20070130215417.9917E131FAF4@mail.example.org>,Phish,5,-1,50
<20070130220253.620CD6FA1C1@mail.example.org>,Phish,43,-1,24
<985507565.02470@servicet@regionsnet.com>,Phish,4,-1,26
<E1HC43n-0003sw-Ff@server021.webpack.hosteurope.de>,Phish,30,-1,14
<200701310215.l0V2FXc5011724@localhost.localdomain>,Phish,27,-1,20
<20070131142041.50F086FA1C7@mail.example.org>,Phish,43,-1,24
<SJZVBKTYLGXOYLWNQHEMRIYJ@comcast.net>,Phish,28,-1,34
<WILLIAM-KT39JIYxEfh00000b9b@william-kt39jiy>,Phish,16,-1,49
<MAILSERVERD5euwdUTa000013db@mail.arlenness.com>,Phish,4,-1,34
<SFYIWVNRYYDZYTBSQUKI@verizon.net>,Phish,15,29,2
<JHBGENDFOTPUGCVUBICNMCLE@hotmail.com>,Phish,27,-1,20
<ADDTECKabigPasSmz6U00000ab8@addteck>,Phish,4,-1,25
<5958968062.35993@servicet@paypal.com>,Phish,16,10,49
<PBJCPTVYRYPSNBCIKPSKMB@yahoo.com>,Phish,0,-1,20
<BCCDZAKBURGPYJLKIRFEK@eBay.co.uk>,Phish,14,-1,17
<200702021535.l12FZgKI015006@host101.host101-server.com>,Phish,6,6,51
<20070202213439.F37E06FA1C1@mail.example.org>,Phish,43,-1,24
<20070203014047.108C46FA1A8@mail.example.org>,Phish,32,-1,11
<20070203063659.64ACB131FBD2@mail.example.org>,Phish,4,-1,26
<20070203100957.8BC6EE41F0@virtualhosts.ari.es>,Phish,15,13,49
<SERVER1OCcUB5AyjgLj00000ad7@server1.tri-mar.net>,Phish,16,-1,49
<200702040252.l142q0BI002465@d565.asilefx.com>,Phish,6,6,51
<200702040456.l144uFIV029591@ns.jdesign-office.com>,Phish,4,-1,44
<QOWSBPQYSCWOKBQTCVKUZG@comcast.net>,Phish,5,-1,27
<SWYNJXADADUNYYPYELHJN@earthlink.net>,Phish,5,-1,27
<MAINLHVbxZXAoirK6Ut000006b9@main.hutchenspr.com>,Phish,6,6,52
<20070204144944.10FF16F3489@fileserver>,Phish,4,-1,26
<200702041146843.SM00548@User>,Phish,14,-1,17
<SERVER1X4D9JlyB3G49000003ec@server1.triplettwellman.com>,Phish,35,-1,0
<GSXSFOXUKRZSUEXQTHLI@yahoo.com>,Phish,16,-1,49
<YMEJDHZIBHTPWXKGIFOHZHQZO@charter.net>,Phish,6,6,52
<SBUXNCIOAEZGSAIVSRUSZWEN@charter.net>,Phish,6,6,52
<20070205151442.43F64131FD42@mail.example.org>,Phish,4,-1,34
<@msn.com>,Phish,4,27,26
<@aol.com>,Phish,4,27,26
<HPJDTZUJEIOLPXNKVTTP@gala.net>,Phish,5,-1,50
<WGNPVWIUYFVWNCEEXVBWWPTJA@yahoo.com>,Phish,6,6,52
<WSNEQPFQGCPAVAYZZISXUUPAZ@eBay.com>,Phish,14,-1,17
<001001c74a43$9b5a7750$04e53b3c@sm>,Phish,4,-1,34
<HOMEEXJZgh3rJVDVldV000039c3@homeex.homevalu.com>,Phish,6,6,51
<20070206153917.7F76B131FD2C@mail.example.org>,Phish,27,28,56
<20070206182250.AC8036FA1C1@mail.example.org>,Phish,43,-1,24
<NCZJQUFRHMQSOHAEEBPJZ@ncua.gov>,Phish,4,-1,25
<20070207015650.B9654131FC23@mail.example.org>,Phish,4,-1,26
<200702060828142.SM02924@User>,Phish,14,-1,30
<SBSGF03kKkqTgtoBjfg000009bf@sbsgf03.gt-forex.local>,Phish,6,6,52
<20070207101544.5B1B56FA1C1@mail.example.org>,Phish,32,-1,11
<BOR7mOuf0fLCBTQYIcV0000012f@bo>,Phish,4,27,26
<ADMINSERVqSOc7wo95E00000843@AdminServ.mainoffice.ifa-advice.com>,Phish,15,-1,2
<dalzell@yahoo.com>,Phish,4,-1,28
<20070208201707.19748131FC33@mail.example.org>,Phish,4,-1,34
<AFXEVXJHGNLTVFJMYTHGXBBTN@yahoo.com>,Phish,15,29,2
<VDHLOXFPOQQYDEWDPVKKII@yahoo.com>,Phish,15,29,2
<RHYOEHUPQELEAEITMXDEOWWX@ebay.com>,Phish,35,-1,0
<EXCHANGE3b6uIU1Gj030000023d@exchange.braga.cachapuz.com>,Phish,14,-1,17
<SVR-EXCHANGETN4McEv00000720@mail.hamiltonpark.com>,Phish,12,22,63
<1041074116-92658201@lessrain.com>,Phish,6,6,51
<HOMEEXTWpRnzh0Cpg0R000006d8@homeex.homevalu.com>,Phish,6,6,51
<dal-00$b$0dh8-i@vv3.9.9gq4>,Phish,4,-1,26
<200702100828.l1A8SNDs021701@mail.pump-filter.com.tw>,Phish,15,13,49
<20070209173806.CF42E361617@titan.rs-hosting.de>,Phish,4,-1,34
<20070209165441.4F9CACDF750@cedres.net>,Phish,16,-1,49
<20070210155621.SUKZ1547.ibm57aec.bellsouth.net@User>,Phish,18,-1,49
<SERVERBK1CRwFRftQqF000001a2@tidanusa.com>,Phish,6,6,52
<KEELERMAIL98KtdhQYZ000000a3@keelermail.keeler.com>,Phish,6,6,51
<20070210221951.C657B6FA1C1@mail.example.org>,Phish,43,-1,24
<20070211033552.A28816FA1A8@mail.example.org>,Phish,32,-1,11
<20070211054748.8752885A03@ct-works.com>,Phish,15,13,49
<200702110441265.SM02264@WINSERVER.ezonauto.com>,Phish,18,-1,21
<9u-k8$8$zq-r41$wdq5h@drcskab>,Phish,4,-1,26
<UZLFBXQIQPRIOKDOZTSRCW@msn.com>,Phish,16,-1,49
<KODXWPUIALGBVQSPYKATDN@aol.com>,Phish,16,-1,49
<HAMMERhzL1f6Ykwn9Wg000000fc@tedsconstruction.com>,Phish,0,26,40
<LISNORXNHZUBMRCEGACWVLXV@aol.com>,Phish,16,-1,58
<20070212010518.51D4A131FD8A@mail.example.org>,Phish,0,26,40
<20070212150757.DFEB9131FD87@mail.example.org>,Phish,4,-1,28
<200702121809.l1CI9NoD024781@lechuck.sytes.net>,Phish,15,-1,2
<200702121901.l1CJ1e3I011699@localhost.localdomain>,Phish,4,27,26
<EV1SERVE-WPQWOA70ya0000355c@EV1SERVE-WPQWOA.eelectronics.com>,Phish,4,-1,28
<7486250.32XXT279542k@gurlmail.com>,Phish,30,-1,14
<20070212161814.8E7828803A8F@crownprepress>,Phish,4,-1,34
<5566OVFLXCH02jzpDr3000004c1@5566ovflxch02.gatorplanet.com>,Phish,6,6,51
<E1HGmOx-00005i-Np@burns.cs.uni-potsdam.de>,Phish,30,-1,14
<20070213000015.5EDFD25C7BA@iksadosgtc.lt>,Phish,15,-1,2
<SPO-SERVERSxt6ODV5i00001878@sampsons.com>,Phish,6,6,51
<20070212153249.28879.qmail@ffmailsvr.ffjt.com>,Phish,0,9,41
<ACSSERVERLDp7mvjkO20000035d@800theface.com>,Phish,12,22,63
<20070213104648.5CF6088CF383@crownprepress>,Phish,4,-1,34
<200702130750262.SM00440@User>,Phish,14,-1,17
<E1HH1Wx-0008UY-6B@server.mh-zelus.com>,Phish,4,-1,26
<20070213223038.0F2F7131F8FA@mail.example.org>,Phish,6,6,52
"<RVWGCZRKFCQWFCRMGZTZOKNI@yahoo.com , aol.com>",Phish,16,-1,49
<LENOVOzscE8NpqhNPPz00000057@lenovo>,Phish,16,-1,21
<TWTSERVER1Q3OBaxSlj0000136f@tennesseewire.com>,Phish,4,-1,28
<20070214150546.632CE131FE1E@mail.example.org>,Phish,4,-1,28
<20070214152935.BA3C4131FE06@mail.example.org>,Phish,4,-1,28
<GUARD-MUQWXPTMLw8lO0000084e@guard-muqwxptml>,Phish,18,30,49
<E1HHQHH-0005u9-Pw@burns.cs.uni-potsdam.de>,Phish,30,-1,14
<SERVER2000ngL6wxvw000004cf6@server2000.struct-engr.com>,Phish,18,30,49
<DHXFCNLLGWUHMFCPOKFCVMHCZ@charter.net>,Phish,14,-1,17
<hu6m2l--lkf87y-8$0p$g$-$b0u-9@ei1ng.1vh7>,Phish,4,-1,34
<20070215040831.31E1F1C2E1@lujan.uninet.edu>,Phish,35,-1,0
<20070215042806.912841B3E4D94621@visa.com>,Phish,4,-1,34
<UPGZKXXPFCMIBLKRHHPZRY@aol.com>,Phish,16,-1,58
<20070215200143.D546D131FA89@mail.example.org>,Phish,6,-1,15
<20070216004936.001F76FA1A8@mail.example.org>,Phish,9,-1,11
<20070216131001.AA294131FB77@mail.example.org>,Phish,14,-1,17
<20070216174026.2D8C46FA1A8@mail.example.org>,Phish,15,19,2
<20070213121320.29604.qmail@flexid1851.flexservers.com>,Phish,15,-1,2
<20070216175240.A90A16FA1C6@mail.example.org>,Phish,32,-1,11
<20070213131655.26178.qmail@mediart.trendcom.it>,Phish,15,-1,2
<200702161317539.SM00936@User>,Phish,12,22,63
<SOLCMLYOUWRKDKTEMWKZCWTFP@verizon.net>,Phish,4,-1,26
<200702171229325.SM02772@User>,Phish,0,26,40
<20070217235754.722A5131FA91@mail.example.org>,Phish,4,-1,34
<200702161355788.SM01752@test>,Phish,6,6,52
<BILL1OcFRl8IqADUgNS000024cd@bill1>,Phish,15,-1,2
<MSDCAHxNzFiPNl4iZWw00000401@MSDC.mshl.local>,Phish,15,-1,16
<JCMAIL01KxQ6kMQGZCU000084b7@jcmail01.jaggedcrossing.com>,Phish,5,-1,50
<20070219125115.C0EFE131FD65@mail.example.org>,Phish,16,-1,49
<JCMAIL01GdOZofu45Xi00008675@jcmail01.jaggedcrossing.com>,Phish,5,-1,27
<SZPLHCTIULQKVHOKINEATJJ@aol.com>,Phish,33,16,31
<KWICXDEYCQROXCCCBGCSHSL@aol.com>,Phish,16,-1,58
<020928728.20070219162449@gruposantander.es>,Phish,30,-1,14
<34813405.20070219094512@gruposantander.es>,Phish,30,-1,14
<amtrak@yahoo.com>,Phish,4,-1,28
<20070219163040.9DBF0131FD47@mail.example.org>,Phish,4,-1,34
<NETSERVER7Qy7Pmgd3s000002cf@netserver.sgah.org.pk>,Phish,18,30,49
<WISCONSINlwmlZBv9ni000003cf@Wisconsin.FileImageServices.local>,Phish,5,-1,50
<CGRWHEQDSQDSDSMIMXPEXL@hotmail.com>,Phish,15,29,2
<VNVZWTUEHTJXSUKPOSQTZYUS@verizon.net>,Phish,15,29,2
<MAILHOSTQwSEFLibtNT00000486@mailhost.ethiprint.local>,Phish,18,30,49
<QJJAYQDUHCNDHZBRAPRTW@aol.com>,Phish,15,29,2
<0749117343.20060315105857@citibusinessonline.com>,Phish,4,-1,34
<KPZWPSPTKNJVORRDNOAQANCJA@verizon.net>,Phish,6,6,52
<20070220185256.SM02852@User>,Phish,15,4,2
<01c75590$c0f3e750$6c822ecf@ojdmrex>,Phish,30,-1,14
<20070221120358.446AD6FA1C1@mail.example.org>,Phish,32,-1,11
<YXANTDEHBTLQQHZJANFSK@verizon.net>,Phish,15,29,2
<GHMSERVERvGpG1g86uu00000d8a@grayhairmanagement.com>,Phish,27,-1,56
<20070221141349.9FA8C17BBB7@graphserv.com>,Phish,7,-1,7
<94618313.20070221232449@paypal.com>,Phish,15,-1,2
<ENGRDEMO28kIN4MmXKC00000325@engrdemo.PAULWENSLEY.COM>,Phish,12,22,63
<SERVER1r3SU0hXCRQcq0000019b@leestaffing.com>,Phish,4,-1,46
<LDERPNVTADNRUGBOOFIIBVRJ@comcast.net>,Phish,15,29,2
<SBSERVERix1UsHipF1y00000443@mail.studiow.com>,Phish,6,-1,0
<200702230533.l1N5XQvt028067@piedmontlumber.com>,Phish,18,12,21
<DZ1NOuRc6BqL7gBt7B7000003a8@dz1.utahwisp.com>,Phish,4,-1,46
<DGASIDC0KLpgTFur2iz00001c88@dgasidc0.csqrd.com>,Phish,5,-1,27
<200702230929249.SM01228@User>,Phish,12,22,63
<6Uarc4-8Up27M-L2@cpanel.error> ,Phish,17,-1,53
<@comcast.net>,Phish,0,26,40
<20070224155020.78B151C2CF@lujan.uninet.edu>,Phish,12,22,63
<MAILSERVER42NXHwGrR00000593@mailserver.mail.wanshih.com>,Phish,6,6,52
<20070225110707.E19C16FA1A8@mail.example.org>,Phish,43,-1,24
<JBLZXGKBSOQXVDKZBRVKIR@charter.net>,Phish,16,-1,58
<CORREOEXCHANGEkEPF3000001db@rubisr.com>,Phish,6,6,52
<v1AkH4-c1GzF4-Kp@cpanel.error> ,Phish,17,-1,9
<93659079.20070226032450@ebay.com>,Phish,13,-1,15
<200702261401.l1QE1x607454@hawk.vispa.com>,Phish,15,-1,20
<20070227000026.D0EAA131FAF8@mail.example.org>,Phish,0,26,40
<20070227133752.88B08131FC7D@mail.example.org>,Phish,5,-1,27
<20070227135834.1D6F3131F932@mail.example.org>,Phish,4,-1,28
<20070227150002.99B49131FBE6@mail.example.org>,Phish,4,-1,28
<7D6A.A7EB.93.805@dg.net>,Phish,7,-1,56
<20070227190016.F30DF131FCCB@mail.example.org>,Phish,10,-1,16
<20070227222639.3CC94131FAD3@mail.example.org>,Phish,15,-1,20
<ZWAYAECSDZYWZOMDKIBPGPQ@msn.com>,Phish,4,-1,46
<ECSERVER4XHPbXfsP9v000020f7@ecserver.eisenbergcompany.com>,Phish,4,-1,28
<SATURNZKY1d66HcASHM0000113b@saturn.hglit.com>,Phish,4,-1,46
<20070228102300.0CB40131FAC8@mail.example.org>,Phish,27,-1,20
<20070228112253.68869131FB0A@mail.example.org>,Phish,6,6,52
<PHNQBKXKIZWJXCHSZCENGIP@charter.net>,Phish,27,-1,20
<200703010350.l213osSi016187@smtp.bauhinialtd.com.hk>,Phish,6,6,52
<20070301054628.D3A47131FB57@mail.example.org>,Phish,27,-1,20
<BSJBRUYWACTPKBQVLHPWTQ@comcast.net>,Phish,15,29,2
<20070301161046.862941BEA7@lujan.uninet.edu>,Phish,4,-1,28
<200703011443347.SM01904@User>,Phish,4,-1,46
<WZTDFZLBPBGGYBOAZUBXN@charter.net>,Phish,15,29,2
<20070302090814.285756FA1A8@mail.example.org>,Phish,43,-1,24
<FIQHAKHREBSLSMSTFRVCSSJ@yahoo.com>,Phish,15,29,2
<200703011654109.SM01380@User>,Phish,6,6,52
<FPBEAEEUUJCLLNUZELSPCX@msn.com>,Phish,15,29,2
<WSNGUXOCGHIFCVLSFYNSHJ@earthlink.net>,Phish,15,29,2
<20070303005126.A74196FA1A8@mail.example.org>,Phish,6,6,52
<EX2000LVKi3s1wsXZZT00002047@ex2000.msik.com.cn>,Phish,6,6,52
<GINCADNUCARQJFZZHUTCKRIOF@charter.net>,Phish,15,29,2
<20070303025439.38C8D6FA1A8@mail.example.org>,Phish,43,-1,24
<PBX-MAINTM4PGouiMbt00001c6f@PBX-MAINT>,Phish,4,-1,26
<20070305030222.2FD787B4625@cartridgetech.com>,Phish,3,-1,7
<20070305140855.DC87B6FA1C1@mail.example.org>,Phish,43,-1,24
<KVEGMNMTMWOJJBYGRDSAPFUH@verizon.net>,Phish,15,29,2
<200703051420531.SM00992@User>,Phish,15,4,2
<MIAFE01Khf4HEousNfa00000485@miafe01.optimeme.com>,Phish,10,-1,16
<DEWNOwBVPFvBbSu5vzx00000e6c@de.deco.local>,Phish,15,-1,20
<B0005152017@CW-US-MAIL-01.cyberwize.local>,Phish,15,-1,20
<SBS9T3TGJ2TUSzbAUfK000005c3@wedgewoodcabinetry.com>,Phish,18,30,49
<20070306175828.C7C18131FBA1@mail.example.org>,Phish,6,6,52
<E1HOfcv-0005eO-KA@pass16.dizinc.com>,Phish,4,-1,26
<E1HOfcv-0005eR-L8@pass16.dizinc.com>,Phish,4,-1,26
<200703062033.l26KWxap094279@mx.tezaa.com>,Phish,4,-1,28
<20070307002630.3927.qmail@mail.webxpress.hu:webxpress.hu>,Phish,16,10,49
<20070307015416.F35BF6FA1C4@mail.example.org>,Phish,43,-1,24
<20070307005126.10991.qmail@mail.webxpress.hu:webxpress.hu>,Phish,4,-1,26
<20070307012019.20317.qmail@mail.webxpress.hu:webxpress.hu>,Phish,6,-1,30
<20070307020202.28442.qmail@mail.webxpress.hu:webxpress.hu>,Phish,16,10,49
<20070307173125.CEC47131FBE3@mail.example.org>,Phish,18,30,49
<CVWF-SBSAEWopcnvy3J0000aaf0@cvworkingfamilies.org>,Phish,10,-1,16
<20070308152305.C07709B1CBD4@crownprepress>,Phish,4,-1,44
<KTMBGKGSVRQDKYXBLYYHO@yahoo.com>,Phish,4,27,26
<20070309004113.C8AAD9B86DF8@crownprepress>,Phish,27,-1,56
<20070308155518.1673D70A9EC8@OgallalaKCNserver.local>,Phish,27,-1,56
<20070309044807.9E5C46FA1A8@mail.example.org>,Phish,43,-1,24
<20070309103837.8DC7F6FA1A8@mail.example.org>,Phish,43,-1,24
<B7CB5F33.6454712@shaw.ca>,Phish,30,-1,14
<SERVERsqVAvYKccWo7Z00001a2c@server.vermillion.local>,Phish,6,6,51
<OPJKWTFIJJDBIRYSWIRGZPTXQ@yahoo.com>,Phish,4,27,26
<FPLYMIHQPKPQYOWKWPUVO@yahoo.com>,Phish,4,27,26
<20070311160247.B82F8C31F@server02.nethost.hu>,Phish,4,-1,26
<20070311154507.7B9AF736205C@OgallalaKCNserver.local>,Phish,0,26,40
<20070311160247.AECEAC361@server02.nethost.hu>,Phish,4,-1,26
<20070311212549.F34996FA1C1@mail.example.org>,Phish,43,-1,24
<20070311183941.442FB7379A25@OgallalaKCNserver.local>,Phish,0,26,40
<E1HQgS2-000614-VF@ns3.hostinglmi.net>,Phish,4,-1,26
<E1HQgS3-00061G-2p@ns3.hostinglmi.net>,Phish,4,-1,26
<E1HQnUA-0008P1-TX@name1.bwbd.co.uk>,Phish,4,-1,26
<SERVERPfTlHAUcgw8yT00000dcf@server>,Phish,15,-1,40
<MAIL2691LwT8rU7nMvU000182a2@mail2691.floridaoutdoor.com>,Phish,14,24,65
<ARCHIVAL-DC01IhTrBo0000006a@frontiernet.net>,Phish,16,-1,49
<200703132101161.SM01180@User>,Phish,6,-1,30
<IXVOTIKMVHRFJUSVGGPDGUCWU@hotmail.com>,Phish,16,-1,49
<20070314213723.582ED6FA1C1@mail.example.org>,Phish,6,6,51
<20070315060946.A3486131FC06@mail.example.org>,Phish,15,4,2
<20070315063522.B0FE3131FD97@mail.example.org>,Phish,4,-1,44
<EXSERVERehYSoOZzHZl000004e2@mail.glwshows.net>,Phish,4,-1,44
<20070315224735.AC891131FD58@mail.example.org>,Phish,0,-1,20
<1174040108.16562.qmail@paypal.com>,Phish,15,-1,2
<20070316034733.098FF131FA0F@mail.example.org>,Phish,15,4,2
<ORGANIZA-CPLWF1gOHp000006e9@organiza-cplwf1>,Phish,27,-1,20
<20070316111005.D1D0C131FE4D@mail.example.org>,Phish,4,-1,44
<ORGANIZA-CPLWF1r2Ae00000aaa@organiza-cplwf1>,Phish,27,-1,20
<YVZLXEOEEONLISOVSCDAFL@earthlink.net>,Phish,6,6,51
<391ECBD2C2C14516B94C5A28A9466955.MAI@bidme.co.nz>,Phish,27,28,56
<1130384585.13653@paypal.com>,Phish,14,-1,30
<20070318170439.8B4E56FA1A8@mail.example.org>,Phish,43,-1,24
<ZCRSNBSMGFNFHFEDIWMXFBNIU@e-mail.ru>,Phish,6,-1,52
<200703182234.l2IMYcB29319@spam.thegeekempire.net>,Phish,0,9,41
<20070318192619.6240A772435E@OgallalaKCNserver.local>,Phish,33,16,31
<SYZSOIFPTXALNNFFQKPGQZ@netvigator.com>,Phish,6,-1,52
<PC-SERVER189QtpfTYS00000020@precision-computer.com>,Phish,27,-1,56
<20070319011344.059096FA1A8@mail.example.org>,Phish,32,-1,11
<ZUOBVKTJGHZKCKUQOVJUOFP@yahoo.com>,Phish,18,21,21
<20070320100620.132676FA1C6@mail.example.org>,Phish,43,-1,24
<MERCURYSmLAztxc1o8y000001d3@MERCURY.xention.com>,Phish,18,-1,49
<20070321042828.5F9EF6FA1CA@mail.example.org>,Phish,32,-1,11
<SSYNODISVQLBJZUQLPIEI@msn.com>,Phish,6,6,52
<NTSERVER6eDIBlgb8hM0000088a@NTSERVER.McNaughtons.local>,Phish,6,6,51
<E1HUAi0-0005pK-00@pop06.mail.atl.earthlink.net>,Phish,4,-1,44
<SERVEUR_FTy9CMdZpDs00000ad5@mail.eif.fr>,Phish,16,10,49
<200608081103.k78B3fuj025083@paris1>,Phish,18,23,16
<200703221544.l2MFiUau000785@websonicos.com>,Phish,13,-1,15
<1130384585.13653@paypal.com>,Phish,13,-1,15
<BNICVGLOAUEQTKXEDMKPD@comcast.net>,Phish,13,31,30
<20070322211537.E3CBD7B1BDC2@OgallalaKCNserver.local>,Phish,4,-1,56
<MSWFNRPQMHCFASIFWLEEQPF@charter.net>,Phish,13,31,30
<TMJGXXJREIMICYNDGSXBHEABT@yahoo.com>,Phish,13,31,30
<GGDPUCNZSDVITJUQJAXAQKIS@verizon.net>,Phish,13,31,30
<20070323181000.145526FA1A8@mail.example.org>,Phish,43,-1,24
<HICBVJTAMUHUTQJDIIPXSSRZX@msn.com>,Phish,13,31,30
<1130384585.13653@paypal.com>,Phish,13,-1,15
<SIRIUSNT2Cl8aii08N800000355@SIRIUSNT2.sirius.com>,Phish,4,-1,44
<200703240601.l2O61CB25782@spam.thegeekempire.net>,Phish,6,-1,15
<JSPFOXTQHRQDTZBOPIPYJRB@msn.com>,Phish,14,18,17
<1174666556_882@holdusgroup03>,Phish,6,-1,15
<200703240541445.SM01268@User>,Phish,10,-1,16
<MAGICLYNK016ybl5CdQ0000fead@magiclynk01.magiclynk>,Phish,4,-1,28
<CLCBC01Tlm70rM3Tbhy00000144@clcbc01.CLCBC.LOCAL>,Phish,0,9,41
<200703252014.l2PKEiB15384@spam.thegeekempire.net>,Phish,4,-1,46
<20070325173022.E33916FA1C1@mail.example.org>,Phish,7,-1,24
<20070325184858.518A5131FB32@mail.example.org>,Phish,4,-1,46
<NYSC-WEBPITG36LQiUB00002f08@nysc-web.chinesehighway.com>,Phish,10,-1,16
<200703251345984.SM02228@User>,Phish,0,9,41
<200703261400.l2QE05uw029293@mail.ganymede.com.pl>,Phish,6,-1,51
<20070326205454.2517F6FA1A8@mail.example.org>,Phish,32,-1,11
<CLCBC01gE1sLHE7Nm9y00000387@clcbc01.CLCBC.LOCAL>,Phish,0,9,41
<200703270341.l2R3feB11839@spam.thegeekempire.net>,Phish,6,-1,15
<20070327025337.519AE6FA1A8@mail.example.org>,Phish,4,-1,3
<200703270603.l2R63TB14109@spam.thegeekempire.net>,Phish,4,-1,3
<200703270319.l2R3JoFo029344@svr1.ctwebhosts.net>,Phish,6,-1,15
<20070327053533.8410A6FA1A8@mail.example.org>,Phish,4,-1,3
<200703270845.l2R8jPB30015@spam.thegeekempire.net>,Phish,4,-1,3
<JMJFHIWKNGJVCDHCZWAM@msn.com>,Phish,13,31,30
<ZAODPPKMAPRIXLMLKCYHBA@comcast.net>,Phish,13,31,30
<20070326233741.9872.qmail@server1.sikworld.com>,Phish,14,-1,17
<20070327135841.10060.qmail@cecchile.cl>,Phish,14,-1,17
<SERVER01iHY5FbEFYam000066e7@server01.EA.local>,Phish,18,30,49
<20070327213623.A27078438D@mkl-server.de>,Phish,6,32,52
<20070328033545.7F4C06FA1C1@mail.example.org>,Phish,43,-1,24
<DBHJJQYHUIMBQCEQQLND@charter.net>,Phish,15,13,49
<20070328115709.098A56FA1C1@mail.example.org>,Phish,0,9,41
<B0041869622@ms104.mail1.com>,Phish,6,6,51
<B0041869622@ms104.mail1.com>,Phish,6,6,51
<EVWVOZKFODFWYOHJVCNLMEN@yahoo.com>,Phish,6,-1,17
<SERVERkZvLQET7ffSsn00000191@server.DrummondRecruitment.local>,Phish,4,-1,28
<JENNIFER-77LLOKmsQS000000b7@jennifer-77llok>,Phish,4,-1,28
<SERVERosJ3Ih7jtrSBy00000740@Server.BroadRealty.local>,Phish,6,-1,52
<2378b88f3e489f19bc92ae813a643de9@localhost.localdomain>,Phish,4,-1,34
<1036861013-34637703@westlawngraphic.net>,Phish,0,9,41
<YSQFVPQTTSXPNGWDTEMSSUW@yahoo.com>,Phish,13,31,30
<20070331143839.543CE6FA1CA@mail.example.org>,Phish,14,24,65
<ZIUNBSSFREQPFNGRBBWNQAK@verizon.net>,Phish,13,31,30
<20070331212739.73B106FA1A8@mail.example.org>,Phish,32,-1,11
<BZHMOCOATYVLXTSHAWQEQB@hotmail.com>,Phish,13,31,30
<20070401000218.602E36FA1A8@mail.example.org>,Phish,4,-1,26
<YDEYJZHIYBCCVEAIWXCCIEQ@comcast.net>,Phish,13,31,30
<20070401090755.1F68C131F983@mail.example.org>,Phish,14,24,65
<PNET-EX2KbB5Rw1SSfW000000a7@pnet-ex2k.pwhtgroup.net>,Phish,18,30,49
<8CBFAF15.0908271@nimbler.net>,Phish,10,-1,16
<SERVER2F5fU4XNhJWWM00000c11@server>,Phish,4,-1,28
<TCLAQQHNGOCCZIWSDPQYRG@charter.net>,Phish,15,13,49
<ZBHHLYHAIJTXLNBHBMVZA@yahoo.com>,Phish,15,13,49
<20070402022012.C2C096FA1A8@mail.example.org>,Phish,32,-1,11
<20070402104137.A8777F1B3@mail.itbs.com.tw>,Phish,14,-1,17
<1175554494.12744.qmail@citybank.com>,Phish,4,-1,34
<20070403045718.C1D9C6FA1C1@mail.example.org>,Phish,32,-1,11
<20070403065415.066B76FA1A8@mail.example.org>,Phish,43,-1,24
<002301c77616$2fd74586$6401a8c0@Shop_laptop1MS>,Phish,4,-1,26
<200704031754.l33HsOhB001842@mail.jackpot.com.tw>,Phish,15,4,2
<7E64A7F3-0960-4A7D-9540-B013B69DC1ED@matchmantra.com>,Phish,16,-1,49
<200704032117.l33LHVXk030691@smail.uni-net.co.kr>,Phish,14,-1,17
<20070403232725.7FA5E6FA1A8@mail.example.org>,Phish,32,-1,11
<200704031225320.SM01160@User>,Phish,4,-1,46
<ELECTRIC-00FFE4VXfE000001bc@electric-00ffe4>,Phish,4,-1,28
<20070404122441.D587C6FA1C1@mail.example.org>,Phish,43,-1,24
<IJOPKPKVKGXKLCXGOGTOTG@comcast.net>,Phish,16,-1,49
<SRIMAINxDbH8J0sca0Z000000e4@SRIMain.soltron.ca>,Phish,12,-1,63
<1175686898.379791.qmail@PayPal.com>,Phish,18,12,21
<PV-LUNCHZtJiKWjkwsI00000d4b@pv-lunch>,Phish,16,-1,49
<20070405213056.CA69B6FA1A8@mail.example.org>,Phish,32,-1,24
<20070406011448.E09D8131F929@mail.example.org>,Phish,4,-1,28
<SERVER12TUSzbAUfKRf00000132@server1.YinShingsbs.local>,Phish,16,-1,49
<NQJREZKRHCNYJAEYQUVR@yahoo.com>,Phish,6,-1,51
<78438D4B.9227225@nittanylink.com>,Phish,30,-1,14
<0376AE9D.7676116@nitches.com>,Phish,30,-1,14
<FTPMXitvVjJuYW8iOqz000004be@ftp>,Phish,4,-1,28
<20070407131658.9B12B10C05B@thelevellounge.com>,Phish,12,-1,63
<200704080810.l388AgOE008792@franctel.com.ec>,Phish,4,27,26
<BIGBOYwdr6Uy3CQmWoL00000dc9@bigboy.swt.loc>,Phish,18,30,49
<20070408112104.369946FA1C6@mail.example.org>,Phish,32,-1,24
<NTSERVERE8rZr3jTtBH00002ce1@vetvetvet.co.nz>,Phish,4,-1,26
<20070410014351.5A0956FA1C1@mail.example.org>,Phish,43,-1,24
<200704102011.l3AKBUFE023551@pugsly2.m1group.com.au>,Phish,4,-1,56
<SBSOZ2L37022WE1QO0500000602@mail.cathedralstl.org>,Phish,4,-1,44
<AEON-2yi67EKRuYDlrj0000028d@mail.aeon-tek.com>,Phish,16,-1,49
<200704112228308.SM01692@User>,Phish,18,12,21
<200704121659625.SM01268@User>,Phish,28,-1,27
<200704111806748.SM00916@info>,Phish,17,-1,9
<001801c77d1c$124d2370$0120e1d4@system3>,Phish,30,-1,14
<001b01c77d09$1a221f50$052697dc@nikolaiaf8nu9x>,Phish,30,-1,14
<1176376135.19226.qmail@eBay.com>,Phish,6,6,52
<001901c77d28$f7698500$0064b11c@xyz301c243370a>,Phish,30,-1,14
<NS3SU0hXCRQcqmSvux4000003b5@ns.ftd-asia.com.cn>,Phish,6,6,52
<001501c77d22$3c42a870$076e3b94@gabinet>,Phish,7,-1,11
<JANUSQMmf5Bmck1kfRy00021768@janus.ACplc.com>,Phish,16,-1,49
<TWIN-MAILTIVvLVKi3s000002de@twin-mail.twinsisters.local>,Phish,14,-1,17
<20070413002727.B0C2E6FA1C6@mail.example.org>,Phish,37,-1,33
<20070413004928.B22D0131FAA6@mail.example.org>,Phish,15,4,2
<001001c77d72$cb4a81f0$0301010a@RohoruaFamily>,Phish,4,-1,26
<20070411161950.55111F3A0@mail.itbs.com.tw>,Phish,13,-1,15
<20070413052453.3928F6FA1C1@mail.example.org>,Phish,16,-1,49
<JOEXyCTr9rf3yXvEbjk00000310@JOE>,Phish,5,-1,50
<200704131341.l3DDfSBs002112@franctel.com.ec>,Phish,4,27,26
<IXYKAKOQTWDSQOCWKYMWIGXWM@yahoo.com>,Phish,4,27,26
<56D998B4.E6E81572@aoquik.com>,Phish,4,-1,34
<20070414052209.6530F22C3F5@www.vertexco.com.tw>,Phish,4,-1,46
<001901c77e93$8ae5078a$0414a8c0@FSTPC04>,Phish,4,-1,26
<000901c77ec7$36f8a9ea$1000a8c0@rafael-n7xdgv0x>,Phish,4,-1,26
<2003SERVERMNFmWAFsT000004d3@2003SERVER.scphca.local>,Phish,18,23,16
<20070415055923.A71B7131F96D@mail.example.org>,Phish,6,-1,15
<20070415145612.1BFFC6FA1A8@mail.example.org>,Phish,37,-1,33
<93912098.20070416114802@Banesto.es>,Phish,30,36,14
<750182217.20070416123118@Banesto.es>,Phish,30,36,14
<20070417072707.543A0131FB18@mail.example.org>,Phish,4,-1,26
<01c780cb$ad6fa500$6c822ecf@xiduhd>,Phish,30,36,14
<ZRUFQKMSNMKNCZQVVTJLRKOA@yahoo.com>,Phish,6,-1,30
<01c7811f$ff421a80$6c822ecf@qawfe>,Phish,30,36,14
<20070417204646.C8144131FA74@mail.example.org>,Phish,6,-1,15
<CHSBOLWLXRVTIMVHVLDPYYQ@hotmail.com>,Phish,13,31,30
<ILTNJAEINDTXYVOGWOJHADYZM@hotmail.com>,Phish,13,31,30
<OCVHILCWVKUVNNYBUYJN@charter.net>,Phish,13,31,30
<GLTZLHQAKAGSOJDSMFWWXEBFA@yahoo.com>,Phish,13,31,30
<COMPUTERUV8wAddX47s000001c4@computer>,Phish,10,33,16
<20070418162248.921CD6FA1C1@mail.example.org>,Phish,0,26,40
<20070419002130.51B916FA1C5@mail.example.org>,Phish,37,-1,33
<RPOIIYPFLZCZJKGPLOQSSBAWX@yahoo.com>,Phish,5,-1,50
<20070418181193.SM00139@User>,Phish,6,6,51
<200704181654656.SM04608@User>,Phish,6,6,51
<E1HeVYZ-0004ID-Rv@chaos.liquidweb.com>,Phish,4,-1,26
<20070419195917.314DE131F898@mail.example.org>,Phish,6,6,51
<20070420005747.27084.qmail@mail.adraconsulting.com>,Phish,4,-1,34
<002601c7833a$4ea1a34a$0201a8c0@microsof-0a5d19>,Phish,4,-1,26
<TPIBEZVSGAIUFSPRJTTRXIVP@hotmail.com>,Phish,16,2,49
<EXCHANGE3KDzvT0WFBi000014c5@smtp.gh-ins.com>,Phish,18,23,16
<200704212109.l3LL9prm025364@smtp1.infomaniak.ch>,Phish,16,-1,49
<10cbfba010cc4770.10cc477010cbfba0@planet.nl>,Phish,4,-1,7
<200704222055.l3MKtORs027399@mail.dsum.edu.ua>,Phish,6,6,51
<1177283151.18499.qmail@eBay.com>,Phish,0,-1,17
<200704221636214.SM01152@User>,Phish,35,34,0
<20070423061155.D28086FA1C6@mail.example.org>,Phish,37,-1,33
<20070423101520.758E96FA1A8@mail.example.org>,Phish,37,-1,33
<B0000034590@buddy2.mbuddy.net>,Phish,12,-1,63
<20070423142530.1B0C0131F9AB@mail.example.org>,Phish,10,-1,16
<SERVERDNpo3g91Blas000002e9a@mail.challenger.com>,Phish,6,6,51
<MAILSRVR14iINEUORLc000071ed@mailsrvr1.lamottetech.com>,Phish,18,30,49
<MAILSRVdH1ofVE14axh00001482@mailsrv.Donnelly.local>,Phish,10,33,16
<20070424152817.418A26FA1C1@mail.example.org>,Phish,37,-1,33
<LR1UJgbEyJZ0HUwE8rZ0000aec5@mail.lrsanitary.com>,Phish,10,-1,16
"<.AAA-merchandizing-31116,1572.1177445336@retail-mail-app-5105.iad5.amazon.com>",Phish,7,-1,62
<20070425105740.4561B131FBB7@mail.example.org>,Phish,6,6,51
<20070425150424.CED6F131FBE7@mail.example.org>,Phish,27,-1,56
<20070424141115.18907.qmail@ns1.zcover.com>,Phish,16,2,49
<VYAKJIFXYIKWXKOVHQEABL@yahoo.com>,Phish,6,-1,51
<200704260907.l3Q97Adx015151@vmhost5.ukbboss.co.uk>,Phish,36,35,26
<20070424113706.4165.qmail@ns1.zcover.com>,Phish,16,2,49
<200704261509.l3QF9VeB014194@prag129.server4you.de>,Phish,16,-1,49
<200704261823.l3QINJ15006048@vmhost5.ukbboss.co.uk>,Phish,36,35,26
<002701c78878$ee25b490$0601a8c0@MICROSOF-2A67A2>,Phish,4,-1,26
<20070427092332.476E76FA1A8@mail.example.org>,Phish,6,25,30
<auto-000003049680@mail.tree-axis.com>,Phish,6,6,51
<NTSERVERDO3hRDT6Z3L000006df@NTSERVER.mtwater.kits>,Phish,35,34,0
<2003SERVER10NTY9agv00000266@jplzoning.com>,Phish,6,-1,51
<20070428095555.434A26FA1C1@mail.example.org>,Phish,20,-1,53
<E1Hhnew-0008T3-PY@ns1.vemficar.com.br>,Phish,36,35,26
<200704281704.l3SH4hI0008062@byrneslogistics.com>,Phish,36,35,26
<20070429080504.6D93A6FA1C1@mail.example.org>,Phish,37,-1,33
<EVMAILpjc0D543TuylJ00000167@evmail.everestllc.com>,Phish,16,10,49
<200704300007.l3U07lRJ005977@serverac.studioandreanicasagni.lan>,Phish,15,-1,2
<200704300240.l3U2eNsI014490@localhost.localdomain>,Phish,36,35,26
<001601c78aef$214d7650$0019f864@Larrymw2k>,Phish,30,36,14
<001b01c78b3c$1323a430$047eb99c@molcho>,Phish,30,36,14
<001401c78b38$e51497f0$0110ecd4@manfred>,Phish,30,36,14
<001101c78b41$34382ba0$0554c23c@jens>,Phish,30,36,14
<200704301633.l3UGXZB4017398@serverac.studioandreanicasagni.lan>,Phish,15,-1,2
<MYXUXLECQEMQJUTJIWRDXBJV@verizon.net>,Phish,6,6,52
<20070430182104.B5AF96FA1C1@mail.example.org>,Phish,37,-1,33
<ZGUBXNNPHFWIRTJQOYJY@msn.com>,Phish,6,32,52
<PHOTOSERVERZDgC81Tb00000e08@photoserver>,Phish,10,33,16
<20070430221659.95803131F9D8@mail.example.org>,Phish,0,9,41
<20070501124514.8C10F6FA1C8@mail.example.org>,Phish,37,-1,33
<200705012020992.SM02168@User>,Phish,12,-1,63
<20070502023131.499D36FA1A8@mail.example.org>,Phish,20,14,53
<JTNVIDEOcngLcr8kksj00001823@JTNVideo>,Phish,10,33,16
<200705021124.l42BOARe015430@localhost.localdomain>,Phish,36,35,26
<NETSERVER1WrdFOSPUP00000060@silversearchinc.com>,Phish,16,10,49
<200705030202.l4322sjv006599@host157.host157-server.com>,Phish,4,-1,46
<1178158704.71308.qmail@poste.it>,Phish,0,26,40
<20070503053939.F12F7131F7F6@mail.example.org>,Phish,16,10,49
<20070503030006.4F4D3BB371@service-box.dikar.es>,Phish,6,6,51
<NADIAm2YCaIpJEIbKy500014eb2@nadia.bglinks.net>,Phish,6,6,51
<@charter.net>,Phish,0,9,41
<002401c78e25$001c96da$3532a8c0@muh>,Phish,4,-1,26
<20070504204601.2D8015CFEA3@zawidow.com>,Phish,4,-1,28
<9$5o1476-pb$y33-$300-a$1-552-0i@ve32.g.28hs.17>,Phish,18,-1,21
<20070505133948.74E03131F9E0@mail.example.org>,Phish,6,6,51
<SERVERdTeAs0AokvJOJ00000bb8@server.simplybread.local>,Phish,6,6,51
<200705052154.l45LsSxD027155@byrneslogistics.com>,Phish,4,-1,44
<200705051818953.SM01188@User>,Phish,6,-1,17
<20070506071043.34FF3C9AAC@www.cafesam.com>,Phish,18,-1,21
<200705061845.l46Ij5q0025261@localhost.localdomain>,Phish,4,-1,44
<1178493511.14421.qmail@poste.it>,Phish,0,26,40
<20070506231734.10500.qmail@mailadmin.leeshanok.com>,Phish,0,26,40
<20070507015911.039576FA1C1@mail.example.org>,Phish,20,14,5
<200705070309.l4739eXU005721@www.le-one.net>,Phish,4,-1,44
<SERVER-PE42itnXeRgS000003bb@ADMAIL.advanceddevices.net>,Phish,6,6,52
<200705071131.l47BVcej028402@server.guidetech.com.tw>,Phish,12,-1,63
<OWHCGHKWLCXDITIRPKVMY@yahoo.com>,Phish,6,32,52
<SUPORTEZUbPHiNKyKJW00005dc5@ramazzotti.pt>,Phish,12,-1,63
<001501c790b4$cb241100$048987dc@teddy>,Phish,4,-1,34
<001401c7915b$1ddbbd20$01304bb4@changzhang>,Phish,4,-1,34
<ALLPROTECHFe2DylqBD00001cc6@allpro-tech.com>,Phish,6,6,51
<20070508095022.6F231131F847@mail.example.org>,Phish,14,-1,17
<20070508134336.C85336FA1C1@mail.example.org>,Phish,6,-1,51
<200705081703.l48H3bB24504@spam.thegeekempire.net>,Phish,6,-1,51
<200705080330.l483UpmH002586@localhost.localdomain>,Phish,4,-1,44
<MM01UaJ0gmkLGeq3v7d00003313@mm01.mcguiremfg.com>,Phish,6,6,51
<200705080910625.SM01260@User>,Phish,6,6,51
<200705090504828.SM01628@User>,Phish,6,6,52
<TVGWHRUKYUZQNECFRGVQVOY@msn.com>,Phish,6,-1,52
<servicl@>,Phish,16,-1,49
<20070509075546.8DB4D131FA38@mail.example.org>,Phish,16,-1,49
<20070509151727.517206FA1A8@mail.example.org>,Phish,20,14,5
<EXCHANGEFyDo6q6GnWV00002595@EXCHANGE.navco.local>,Phish,30,-1,14
<200705091024.l49AO1EP000947@localhost.localdomain>,Phish,4,-1,44
<DCEXpTPxu8I0RBWBycu0000330d@dcex.pcontratas.local>,Phish,6,6,51
<malocclusion@yahoo.com>,Phish,30,-1,14
<SERVIDORAqpfkNsjUHQ00000336@servidor.palanco.com>,Phish,18,-1,21
<20070511072916.270D1131FA65@mail.example.org>,Phish,4,-1,46
<20070512042843.0D71C6FA1A8@mail.example.org>,Phish,20,14,5
<MCLSRVHVvZ5cG5CzgxS00000960@medhurst-it.com>,Phish,35,34,0
<20070512194812.E1CB06FA1C5@mail.example.org>,Phish,20,-1,53
<200705121729934.SM00221@User>,Phish,6,6,51
<200705080902.l4892ElN029964@localhost.localdomain>,Phish,12,-1,63
<20070513151552.71CAD6FA1C9@mail.example.org>,Phish,20,15,53
<200705131643212.SM04668@User>,Phish,6,6,52
<20070514025900.06CD96FA1C5@mail.example.org>,Phish,20,14,32
<WIN2KEXCHANGE5Zmryl00002603@win2kexchange.smallworldtoys.com>,Phish,18,-1,21
<20070514185943.D6E5B5799FC@lger-gw.hwtx.com>,Phish,27,-1,56
<200705142328103.SM01924@User>,Phish,6,6,52
<20070515040939.5C645131F94C@mail.example.org>,Phish,4,-1,3
<20070515041324.7069CE72CB@broughton.textdrive.com>,Phish,15,29,2
<DSV-MX-01uOi6taaXM10000088e@mail1.ca.dsv.com>,Phish,10,-1,16
<20070516111519.736556FA1C1@mail.example.org>,Phish,20,15,5
<FS49cAgjHXwKHvyo3Dj000006b0@mail2.hgcaonline.com>,Phish,4,-1,46
<ZEUSkWHZqYW8BYXifWo00000158@mail.bandcon.com>,Phish,10,33,16
<200705162224.l4GMO2fw015860@vpstrial01.readyspace.com.hk>,Phish,36,35,26
<20070516230219.0C3B06FA1C5@mail.example.org>,Phish,20,15,32
<200705162046569.SM05276@User>,Phish,18,-1,21
<20070517010128.77EF16FA1C5@mail.example.org>,Phish,4,-1,3
<E1HoVVB-0001NN-00@pop04.mail.atl.earthlink.net>,Phish,0,26,40
<20070517032605.94A7D6FA1A8@mail.example.org>,Phish,20,15,32
<200705161813.l4GIDVn06131@ns2.interhostingusa.com>,Phish,4,-1,28
<20070517122405.AF8FF131FA1C@mail.example.org>,Phish,16,10,49
<20070517125551.E52A56FA1C5@mail.example.org>,Phish,20,15,5
<200705180053359.SM01896@User>,Phish,16,10,49
<ZEUS4nhrKtzcbLDiKBs0000074e@mail.bandcon.com>,Phish,10,33,16
<20070518021439.BA7F134735B@server19320152154.serverpool.info.serverpool.info>,Phish,18,12,21
<FS19jeEWWnHg4UeaCYP00000bdb@fs1.inclineglass.local>,Phish,6,6,52
<SERVER6rUIlQBVoQxUl0000130a@SERVER.tradeshowimages.com>,Phish,10,33,16
<200705190005.l4J05kmP006963@localhost.localdomain>,Phish,18,12,21
<20070519131113.599436FA1C1@mail.example.org>,Phish,20,15,32
<B0166114492@jack.htcomp.net>,Phish,35,34,0
<BOBSERVPkdpk2v1RiG7000019b5@bobbler.co.uk>,Phish,10,33,16
<20070520043536.4D2AC6FA1A8@mail.example.org>,Phish,20,15,32
<20070520044633.0EDBE131F93B@mail.example.org>,Phish,18,-1,21
<20070520153629.6B8301C000B5@mwinf1919.orange.fr>,Phish,4,-1,44
<200705201743.l4KHhLd5021835@host109.host109-server.com>,Phish,0,9,41
<200705202306463.SM02080@User>,Phish,4,-1,3
<20070520232002.CDF8A131FBCC@mail.example.org>,Phish,6,6,51
<DATAKOMfKHmj9n1xxWn00000921@max-plus.de>,Phish,10,33,16
<200705201159578.SM00295@User>,Phish,6,-1,52
<KVHUGKRTMOSPELNKLGBPFMDL@comcast.net>,Phish,6,-1,52
<20070521120001.BE2DD131FC9C@mail.example.org>,Phish,6,6,51
<20070521171804.5A0316FA1A8@mail.example.org>,Phish,20,15,5
<ACCENTKxksom7DBDirR00001abb@accent.accentny.com>,Phish,3,-1,21
<20070521235641.50FEC6FA1A8@mail.example.org>,Phish,20,15,5
<VTHVSFBBPFLFGJNLORNWGXN@verizon.net>,Phish,6,6,52
<002201c79c74$6bc9cc38$6ce4ac4c@johnny5>,Phish,4,-1,34
<20070522190725.508861C32A@lujan.uninet.edu>,Phish,6,6,52
<1ITa!b-000448-96@auta>,Phish,30,-1,14
<20070523032630.18C306FA1A8@mail.example.org>,Phish,20,15,53
<SIMBAwKHvyo3DjFbUcO00000039@vspainting.com>,Phish,27,-1,56
<20070523120403.29BDF6FA1A8@mail.example.org>,Phish,20,15,5
<20070523210705.40F5C6FA1A8@mail.example.org>,Phish,20,-1,32
<200705231614906.SM03412@User>,Phish,0,9,41
<200705231614906.SM03412@User>,Phish,0,9,41
<20070524035313.1B6371C2EF@lujan.uninet.edu>,Phish,30,-1,14
<200705241400438.SM01492@User>,Phish,14,-1,17
<200705241742.l4OHgRB13393@spam.thegeekempire.net>,Phish,0,9,41
<20070524153010.1D3DE131FA15@mail.example.org>,Phish,0,9,41
<20070524153010.8AB986FA1A8@mail.example.org>,Phish,20,15,5
<200705241934248.SM01060@User>,Phish,35,34,0
<1180116509224.eBay-US.705443.69045.0@reply3.ebay.com>,Phish,6,-1,30
<20070525192216.69D426FA1C4@mail.example.org>,Phish,20,15,53
<1180104481.18618.qmail@paypall.com>,Phish,16,-1,2
<1D1t1N-31W9SD-G0@cpanel.error> ,Phish,17,-1,9
<200705271113841.SM01088@User>,Phish,30,-1,14
<200705271616.l4RGGi3p025732@nblog.namo.co.kr>,Phish,36,35,26
<20070527225717.7A4826FA1C4@mail.example.org>,Phish,20,15,5
<200605171503.SM00194@User>,Phish,4,-1,34
<OKTBEWPVTEACPXNCJSVYPO@msn.com>,Phish,6,6,52
<1180372906.46842.qmail@arribada.ebay.com>,Phish,30,-1,14
<20070528182753.CD8C96FA1A8@mail.example.org>,Phish,20,15,32
<B0043368808@ms104.mail1.com>,Phish,6,6,52
<VOS-FS01hJPaAn9pmzp00001100@vosassurantien.nl>,Phish,35,34,0
177e786f47d942e4659fc058dac7f2e1,Phish,6,6,51
<E1Ht31P-0001Oz-Tf@server.yougothosting.com>,Phish,4,-1,26
<JMVUEXCHPpt8MduuJNc000040a4@JMVUEXCH.JMVUFL.local>,Phish,6,6,51
<20070529194234.E9EE76FA1C5@mail.example.org>,Phish,20,15,5
<MAILpfpYearOSveSQDs00001959@mail2.stoneetcinc.com>,Phish,6,6,52
<20070530181811.7D0CA6FA1A8@mail.example.org>,Phish,20,15,53
<20070531000111.546347AE48@smtp1.mtw.ru>,Phish,35,34,0
<TWMMAIL3tDfCjuXbgES000023d0@mail.twhvac.com>,Phish,6,6,51
<200705310613.l4V6DQB01586@spam.thegeekempire.net>,Phish,0,9,41
<20070531031324.CE6A6131FAEA@mail.example.org>,Phish,0,9,41
<200705311540.l4VFeP6C017532@s89703.gattacainc.com>,Phish,14,-1,17
<20070531172719.050C26FA1C1@mail.example.org>,Phish,20,15,5
<VIRGINIAsxpVUnG5CMJ00000241@VIRGINIA.wia-domain.local>,Phish,18,-1,21
<20070531235313.10E296FA1C5@mail.example.org>,Phish,6,37,30
<GQGWIVICGGYGRKNIQOIZB@yahoo.com>,Phish,6,-1,51
<DATASERVERy7azsXejp00000329@maguireandpartners.com>,Phish,6,6,52
<200706020149.l521nHY6016109@mail.poi-inc.com>,Phish,5,8,50
<20070602115844.91D95131FA5E@mail.example.org>,Phish,6,37,30
<0429362f.46600896@malaysiaairlines.com>,Phish,6,37,30
<20070603182957.BE0C86FA1A8@mail.example.org>,Phish,20,15,32
<20070603232437.8C93DBEA4F3E@wtbs02.de>,Phish,4,-1,26
<ICCSVR01jQxzmWecm9t000027ad@mail.eriechiropractic.com>,Phish,12,-1,63
<YKTRKHNNLWPYDHRUPNIHG@hotmail.com>,Phish,7,-1,34
<beadle@yahoo.com>,Phish,4,-1,46
<000101c7a544$e0e98fad$b0dc1aaa@xiv>,Phish,4,-1,26
<SERVERMcx4vvsGOkevW00000d25@ggcinc.org>,Phish,6,6,51
<QWJJVQVTNIJKGNCNBWIOK@mail.ru>,Phish,6,32,52
<ZSUYVKRTQUGITVTBREEEBAZ@kataweb.it>,Phish,6,32,52
<20070605100053.B35694A2861@mv-is4.de>,Phish,4,-1,26
<001101c7a7ce$324a696c$0c01a8c0@user-9cd3955386>,Phish,4,-1,34
<002301c2b0fa$c703edd2$422f88de@C306EC97142749F>,Phish,4,-1,34
<coordinate@yahoo.com>,Phish,4,-1,46
<20070606025837.898BA6FA1C1@mail.example.org>,Phish,20,-1,5
<001801c7a7f2$1ec27c80$76f8fea9@tutuiyumiko>,Phish,4,-1,26
<20070606052909.BFF4B6FA1C1@mail.example.org>,Phish,20,15,5
<20070606074004.5BA4D6FA1A8@mail.example.org>,Phish,18,-1,49
<20070606110425.810F5131FA28@mail.example.org>,Phish,6,6,51
<20070606230137.AC4076FA1A8@mail.example.org>,Phish,20,15,32
<841E332C.0F5EBC2A@jaifuj.com>,Phish,4,-1,34
<20070608215502.10B926FA1CD@mail.example.org>,Phish,20,15,32
<SERVER9ir3wSimD3JkU00000346@mail.mccarthycompanies.com>,Phish,6,6,51
<20070608235126.DE84B131FA58@mail.example.org>,Phish,15,29,2
<AMCATCCS0OOJrzF5ldf00000e75@amcatccs>,Phish,4,-1,46
<20070609222842.052716FA1C5@mail.example.org>,Phish,20,15,53
<KNPHKCQEKETQKFSYKCOTU@mail333.com>,Phish,6,32,52
<������������sokLQ8a000001df@������������>,Phish,12,-1,63
<20070610124916.270F6131F831@mail.example.org>,Phish,6,37,30
<CFJUJEMQUOSULUSVQXXZOY@takas.lt>,Phish,6,32,52
<CNPBFWPJQGJSAVQHQAALTY@email.ro>,Phish,6,32,52
<200706110714.l5B7Evpn001526@localhost.localdomain>,Phish,36,35,26
<MAILzFIMcRGmQSlmZLK00001369@mail.easternuf.com>,Phish,14,24,65
<20070611031601.A13706FA1CB@mail.example.org>,Phish,20,15,5
<200706110502.l5B522JW019912@host57.host57-server.com>,Phish,4,-1,46
<DESIGN-SBSXsNQptgFr00000145@deswood.com>,Phish,7,-1,27
<SRV-EXCHANGE5QH6PyL00003b91@mail.st-leonards.com>,Phish,6,37,30
<20070611201627.696E76FA1C7@mail.example.org>,Phish,20,15,32
<20070612095845.8F810131FA81@mail.example.org>,Phish,6,37,30
<20070612125429.CFF656FA1C5@mail.example.org>,Phish,20,15,53
<20070612235039.D4ED46FA1C7@mail.example.org>,Phish,20,-1,32
<MAILaKpS9SYsMuaRn4T0000044e@iss-hygiene.com.sg>,Phish,6,37,30
<20070613123748.F26C9131F77D@mail.example.org>,Phish,4,-1,44
<20070613150308.D7BD46FA1CB@mail.example.org>,Phish,20,15,32
<EXCHANGE1u8FZgNVWa600000681@exchange1.SYBERION.COM>,Phish,6,6,52
<20070614095726.894186FA1C6@mail.example.org>,Phish,6,37,30
<SERVER18K8rBKXGA7zy0000015f@atlflooring.com>,Phish,30,-1,14
<200706142136656.SM00465@2k3-fileserv>,Phish,35,34,0
<200706141808437.SM02312@User>,Phish,0,-1,17
<46716B3E000A7C1D@mail.it.net> (added by postmaster@mail.it.net),Phish,6,37,30
<20070611075058.18C8557A282@lger-gw.hwtx.com>,Phish,6,6,51
<20070614111474.SM03048@User>,Phish,35,34,0
<LCMAOBAAVWJBGQPNGOXNVZXBS@gyuvetch.bg>,Phish,16,-1,49
<20070615045821.627B16FA1C4@mail.example.org>,Phish,20,15,32
<COMPAQ-LAPTOP9xavjr0000011f@COMPAQ-LAPTOP>,Phish,36,35,26
<20070616033352.8DA196FA1C5@mail.example.org>,Phish,20,15,53
<20070616114025.81E88131FBB8@mail.example.org>,Phish,6,37,30
<20070616202753.A03836FA1C9@mail.example.org>,Phish,20,15,5
<20070616222312.03877500058@rocinante.compendium.com.ar>,Phish,20,-1,5
<20070617085648.6E69A6FA1C4@mail.example.org>,Phish,20,15,32
<20070617102401.2B7841717382@blogrevo>,Phish,4,-1,44
<20070617131711.73AE36FA1C5@mail.example.org>,Phish,20,15,5
<SSFSBS1hQZiCTSrdUWh0000045d@ssfc.local>,Phish,6,-1,30
<20070618042849.A532E1C019@lujan.uninet.edu>,Phish,16,-1,49
<20070618084202.75C1D6FA1C5@mail.example.org>,Phish,20,15,5
<bartend@yahoo.com>,Phish,14,-1,17
<200706182109.l5IL9Ji5012830@blackbox.swiftech.net.sg>,Phish,10,33,16
<20070619112029.E246813FD215@blogrevo>,Phish,36,35,26
<20070619134353.F047C6FA1C7@mail.example.org>,Phish,20,-1,32
<20070619140932.62E1349132@mail.cordite.com>,Phish,4,-1,46
<20070619184050.0A7786FA1C9@mail.example.org>,Phish,20,15,53
<20070619143745.IMEC9197.tomts10-srv.bellnexxia.net@User>,Phish,15,-1,2
<200706200640.l5K6eCPo005529@blackbox.swiftech.net.sg>,Phish,10,-1,16
<SBS2003B1FxQFM83UV800000087@sbs2003>,Phish,10,-1,16
<20070620133725.248896FA1C9@mail.example.org>,Phish,20,15,5
<20070620152334.3C0A7131FA52@mail.example.org>,Phish,18,-1,2
<20070620152514.045F56FA1C5@mail.example.org>,Phish,20,15,32
<20070620155416.A4F06131FB61@mail.example.org>,Phish,6,-1,30
<CWIAD01f4vKhBxT18j70000069d@mail.cwieng.com>,Phish,10,-1,16
<200706202138.l5KLca1T026198@s89703.gattacainc.com>,Phish,0,9,41
<200706202138.l5KLca1T026198@s89703.gattacainc.com>,Phish,0,9,41
<20070621161343.82AE76FA1C4@mail.example.org>,Phish,20,15,5
<20070621181139.C6BC5131FC0A@mail.example.org>,Phish,4,-1,34
<20070621190850.A5F701C016@lujan.uninet.edu>,Phish,20,15,53
<20070621190151.D798814DCCBA@blogrevo>,Phish,36,35,26
<00470876.20070622063557@paypal.com>,Phish,16,-1,2
<ESJJDQKCRQHHIYBXFUEGRVXO@sohu.com>,Phish,6,32,52
<20070623051254.A8037131FB50@mail.example.org>,Phish,6,6,52
<1182580312.71308.qmail@reply3.ebay.com>,Phish,14,-1,30
<20070623104318.9DAC86FA1C4@mail.example.org>,Phish,20,15,5
<20070623151621.8A6FB6FA1C4@mail.example.org>,Phish,20,15,5
<LEIT01SexDAeys8FSA4000003d7@mail.leithaeusl.at>,Phish,10,-1,16
<20070623193745.423136FA1CD@mail.example.org>,Phish,20,15,5
<20070624034615.95C556FA1C5@mail.example.org>,Phish,20,15,32
<SERVERhj16tFKHZgdOW00000cc6@server.langroup.com>,Phish,6,37,30
<SERVER01iLvlwDZ6WPR00000739@server01.PREMIERHEARTASSOCIATES.COM>,Phish,10,-1,16
<20070624231458.422422DDEAE@pony.berndtgroup.net>,Phish,28,-1,48
<200706250649653.SM01788@User>,Phish,14,24,65
<20070626182643.9FE216FA1C5@mail.example.org>,Phish,20,15,32
<IERDSNEVQEXSRDENCHFLHMQ@chat.ru>,Phish,6,32,52
<200706280352.l5S3qZPf016663@otc1.client.logicworks.net>,Phish,6,-1,51
<20070628061214.50AED6FA1C4@mail.example.org>,Phish,20,15,32
<20070628064136.B10346FA1C5@mail.example.org>,Phish,20,15,5
<ONP-EXCHrJeujjeHdzX00000e07@onp-exch.omegaind.com>,Phish,6,6,52
<KIDDY01vP3D6g5dwDAx00000907@kiddy01.kiddyandpartners.com>,Phish,12,-1,63
<20070629003907.BA5706FA1C5@mail.example.org>,Phish,20,15,53
<20070629004321.E351F131FA35@mail.example.org>,Phish,16,-1,49
<CANCUN0mJWEsBk31TZ1000000d7@tsc401k.com>,Phish,6,-1,51
<20070629111510.EB82213EE380@blogrevo>,Phish,36,35,26
<SERVER3sov5uVYtto4j0000278f@server3.centennialhomes.com>,Phish,6,-1,51
<20070629133830.986A513EF5D5@blogrevo>,Phish,36,35,26
<200706292004.l5TK40ub007436@pluto.cellmark.com.sg>,Phish,6,37,30
<SRV6Ih7jtrSByh133tY00001a54@SRV6.county.buffalogov.org>,Phish,18,23,16
<20070630090842.20B9B6FA1C4@mail.example.org>,Phish,20,15,32
<20070630080537.09DD714DE48A@blogrevo>,Phish,36,35,26
<20070630115850.4085F6FA1C4@mail.example.org>,Phish,20,15,53
<PHXSRVaqbC8wSA1XvpF0000038a@exchange.pbsfbs.com>,Phish,36,35,26
<20070630171944.295B96FA1C4@mail.example.org>,Phish,20,15,32
<20070701032011.381BB6FA1C4@mail.example.org>,Phish,20,15,32
<20070701065951.9D83D6FA1C5@mail.example.org>,Phish,20,15,5
<20070701205540.E4DF46FA1C9@mail.example.org>,Phish,20,15,32
<20070702152957.AD3346FA1C4@mail.example.org>,Phish,20,15,5
<001901c7bcd7$51b46b7c$2101a8c0@oktay-zs7tnpmc8>,Phish,21,-1,54
<20070703113011.043956FA1C5@mail.example.org>,Phish,20,15,32
<20070703201400.118116FA1C4@mail.example.org>,Phish,20,15,32
<20070704031529.9481A6FA1C7@mail.example.org>,Phish,20,15,5
<KEVIN-6C11E81B5cvsq000005fd@kevin-6c11e81b5>,Phish,36,35,26
<200707041430.l64EU8SO026567@secure.promarkdesigns.com>,Phish,6,6,52
<JOESHETTSSLsNhIIqgR000002ed@Joeshetts.ThermO.local>,Phish,36,35,26
<200707050918.l659Inf0032431@dns.yamato-c.com>,Phish,12,-1,63
<20070705124413.8A2656FA1C4@mail.example.org>,Phish,20,15,32
<200707051432.l65EWdis000736@zerodelta.org>,Phish,12,-1,63
<ALEXANDER9lHiu3fQtY00001336@ALEXANDER.imperium.com.sg>,Phish,6,37,30
<01c7bfe9$2dbacad0$6079cec4@clontzi>,Phish,21,-1,54
<01c7bf33$5adf7620$ceb3fbc1@gutierrez>,Phish,21,-1,54
<01c7bf3f$980f1a80$5161dac4@eladio474>,Phish,21,-1,54
<W2K3SUjWQYwg105xztC00000456@w2k3s.AJENT.ORG>,Phish,4,-1,34
<20070706120912.CC798131FDA9@mail.example.org>,Phish,6,6,51
<20070707052732.8D91E6FA1C5@mail.example.org>,Phish,20,15,5
<20070707111704.42D626FA1C7@mail.example.org>,Phish,20,15,32
<20070707125014.90C116FA1C4@mail.example.org>,Phish,20,15,5
<IQVCBNXJLILNGUSBYOIT@yahoo.com>,Phish,6,-1,65
<SBPSERVER2xOFMtjWAa000009e8@sbpserver.stocktonblvdpartnership.local>,Phish,16,10,49
<20070708045347.3B8C76FA1C4@mail.example.org>,Phish,20,15,32
<20070708201555.E32F76FA1C4@mail.example.org>,Phish,20,15,32
<auto-000000037581@prolinksystem.ro>,Phish,12,-1,63
<20070709190811.A85246FA1C4@mail.example.org>,Phish,20,15,53
<LWSERVEROjIL2jpWkfb00000181@mail.lightwireinc.com>,Phish,27,-1,20
<XJQGKZOPHHSVOHJGINJO@12move.nl>,Phish,13,-1,15
<200707100923352.SM00988@User>,Phish,6,6,51
<CBCMJNSEZLKQFSDJAJUVSME@freesbee.fr>,Phish,13,-1,15
<20070711001901.427461C0044B@mwinf2022.orange.fr>,Phish,7,-1,56
<200707110303.l6B32tob009413@server.webdiva.net>,Phish,6,6,51
<EXCHANGEYk5qqWJJAf80000042c@EXCHANGE.dcs.com>,Phish,16,-1,49
<20070711120507.90E21131FCBC@mail.example.org>,Phish,0,-1,41
<001101c7c3f4$291c3720$0202a8c0@yaren>,Phish,4,-1,26
<SERVERSVvR0WssM5sGm00000106@server.Workarchitecture.local>,Phish,6,-1,30
<EXCHANGEZgTQp7nzmG400000d30@EXCHANGE.dcs.com>,Phish,16,-1,49
<APPDC01vPEkGhAj5p1F000000be@appinc.com>,Phish,4,-1,44
<20070712181939.0B4F36FA1C4@mail.example.org>,Phish,20,15,53
<20070713113128.DFC086FBADE@mail.example.org>,Phish,20,-1,32
<20070714030345.52C936FA1CE@mail.example.org>,Phish,20,15,32
<20070714214539.4F0DA6FA1C4@mail.example.org>,Phish,20,15,5
<200707190401.l6J41nuO009291@localhost.localdomain>,Phish,36,35,26
<20070715134958.C7D546FA1C4@mail.example.org>,Phish,20,15,32
<PFFTUWLUMRQQWKXSYKSAXTSQ@yahoo.com>,Phish,15,29,2
<200707151827615.SM00988@User>,Phish,6,6,52
<20070717004240.3E7D26FA1C4@mail.example.org>,Phish,20,15,32
<200609131453361.SM00972@User>,Phish,16,11,49
<200707181144368.SM01680@User>,Phish,9,-1,68
<86229FE9.9CFE5FE2@lapqoi.com>,Phish,4,-1,34
<20070719030028.E9EBB6FA1C4@mail.example.org>,Phish,20,15,5
<20070719204355.05E48341AB64@service01.infotek-laue.de>,Phish,6,32,51
<20070719223907.305D86FA1C4@mail.example.org>,Phish,20,15,53
<20070720135446.3046EDDEC63@nlaserver.nla.local>,Phish,30,-1,14
<OOWITTEZAHBTFFSRQZMKZR@yahoo.com>,Phish,16,-1,49
<FAGORSBSritaPhaXD5n00000915@fagor.hu>,Phish,16,-1,49
<200707220146296.SM01056@User>,Phish,6,6,52
<200707220343.l6M3hdrW015183@zerodelta.org>,Phish,16,-1,49
<20070722054930.D65E86FA1C5@mail.example.org>,Phish,20,15,32
<E1ICY74-0003YH-00@s152215301.websitehome.co.uk>,Phish,4,-1,26
<200707222155.l6MLt5I23875@hosting4u.co.kr>,Phish,6,6,52
<20070723001434.E7A5F6FA1C4@mail.example.org>,Phish,20,15,53
<KHTBSIVYOIUEDHSGTDHFQ@terra.es>,Phish,6,25,30
<DAGHDAMOsvGhcISPim90000084c@MAIL.KIMBALLSOFT.COM>,Phish,30,-1,14
<20070723174345.461246FA1C6@mail.example.org>,Phish,20,-1,32
<20070723182305.78CF7500027@rocinante.compendium.com.ar>,Phish,20,15,5
<20070724075917.81BBC6FA1C4@mail.example.org>,Phish,20,15,32
<20070724161637.B1FB86FA1C6@mail.example.org>,Phish,20,15,32
<000f01c7ce28$22d226c0$0131931c@diretoria>,Phish,4,-1,34
<20070725075911.B35156FA1C8@mail.example.org>,Phish,20,-1,5
<20070725210805.87DDB6FA1C5@mail.example.org>,Phish,20,15,32
<MAILNORTHFKhIICWsmL00002c95@mailnorth.aquagasavk.local>,Phish,18,-1,49
<200707260709321.SM00240@User>,Phish,30,-1,14
<EXCHANGEgTIFprhMOgR00001f2d@exchange.orderwise.co.za>,Phish,18,-1,49
<20070726220344.2EF496FA1C4@mail.example.org>,Phish,20,15,53
<20070727031723.F41B010F3AA@malkavian.masters.pl>,Phish,4,-1,26
<20070727031724.47CA810E698@malkavian.masters.pl>,Phish,4,-1,26
<200707271731.l6RHVAoO026146@imsantv40.netvigator.com>,Phish,18,-1,49
<HXKVQDDFWTQQMARWYAJVHJTL@yahoo.com>,Phish,4,-1,45
<TBS-SERVERAUfKRfcjc00000e77@tbsmb.org>,Phish,12,-1,35
<20070728083555.A236C6FA1C4@mail.example.org>,Phish,20,15,32
<5$-2-8wzkp8escz8$h@kcatjq.qsnt>,Phish,16,10,49
<20070728230647.60B796FA1C4@mail.example.org>,Phish,20,-1,53
<20070730012655.C12E3131FA2E@mail.example.org>,Phish,4,-1,46
<20070730094154.8661E6FA1C4@mail.example.org>,Phish,20,15,32
<MAILNORTHsI9td4Vuaz000038da@mailnorth.aquagasavk.local>,Phish,18,-1,49
<20070731184918.B8C4650003C@rocinante.compendium.com.ar>,Phish,20,15,53
<20070801114608.862A36FA1C7@mail.example.org>,Phish,20,-1,5
<20070801120204.65E186FA1C4@mail.example.org>,Phish,20,15,32
<E1IGZZt-0003t3-A2@ns1.domainwebhosting.com>,Phish,6,-1,30
<20070802115750.B4642500098@rocinante.compendium.com.ar>,Phish,20,15,32
<20070802213435.5CD356FA1C4@mail.example.org>,Phish,20,15,32
<DEEPSEEMAILVIlvvAwK000013c1@deepseemail.DeepSeeInc.com>,Phish,18,23,16
<20070803144337.BE0F06FA1C4@mail.example.org>,Phish,20,15,32
<SYNOVA-MAIL01fSRqym00001c86@synova-mail01.synovainc.com>,Phish,18,23,16
<20070803235523.659FC131FC0D@mail.example.org>,Phish,4,-1,46
<20070804072551.21752131FCE0@mail.example.org>,Phish,18,23,16
<20070804131003.9D4E16FA1C9@mail.example.org>,Phish,20,15,53
<TEX2K3DwdbWKEVqr4YF0000432c@tex2k3.Supertex.local>,Phish,7,-1,55
<EXCHANGEj0aImPiZxOA000034a7@exchange.orderwise.co.za>,Phish,18,-1,49
<E1IHQrV-0001VB-Rt@ns1.domainwebhosting.com>,Phish,6,-1,30
<20070805165134.AC8116FA1C5@mail.example.org>,Phish,20,-1,5
<SERVERe0sl7TbQrwTgo000003f2@server.crownview.com.hk>,Phish,18,-1,49
<FREEFALLYoiB5ANH2cv00000e96@FREEFALL.vancouver.stargarden.com>,Phish,18,23,16
<8900358.1075847144950.JavaMail.evans@thyme>,Benign,11,-1,64
<25229291.1075856589156.JavaMail.evans@thyme>,Benign,8,-1,10
<20944095.1075842280464.JavaMail.evans@thyme>,Benign,25,-1,61
<13872485.1075842283325.JavaMail.evans@thyme>,Benign,7,-1,18
<17668169.1075862415602.JavaMail.evans@thyme>,Benign,9,-1,18
<23044789.1075841522639.JavaMail.evans@thyme>,Benign,2,-1,55
<16267817.1075842281123.JavaMail.evans@thyme>,Benign,3,-1,67
<6691548.1075846673078.JavaMail.evans@thyme>,Benign,8,-1,18
<14919401.1075847465213.JavaMail.evans@thyme>,Benign,2,-1,61
<16674901.1075844986200.JavaMail.evans@thyme>,Benign,3,-1,3
<20040815.1075847150445.JavaMail.evans@thyme>,Benign,39,38,60
<18641868.1075842279047.JavaMail.evans@thyme>,Benign,9,-1,68
<22875480.1075841723199.JavaMail.evans@thyme>,Benign,31,39,39
<6675696.1075862205002.JavaMail.evans@thyme>,Benign,3,-1,67
<24394968.1075855551178.JavaMail.evans@thyme>,Benign,19,-1,13
<25138776.1075858682269.JavaMail.evans@thyme>,Benign,3,-1,42
<14758100.1075855551460.JavaMail.evans@thyme>,Benign,26,-1,57
<27264039.1075858676622.JavaMail.evans@thyme>,Benign,29,-1,42
<23664946.1075855553699.JavaMail.evans@thyme>,Benign,41,-1,42
<28809770.1075860469859.JavaMail.evans@thyme>,Benign,8,-1,22
<9245753.1075858185938.JavaMail.evans@thyme>,Benign,2,-1,38
<24026709.1075841723155.JavaMail.evans@thyme>,Benign,31,39,39
<17059408.1075860478722.JavaMail.evans@thyme>,Benign,29,-1,37
<29375919.1075842273047.JavaMail.evans@thyme>,Benign,28,-1,19
<17787273.1075853083528.JavaMail.evans@thyme>,Benign,3,-1,42
<26949126.1075846756130.JavaMail.evans@thyme>,Benign,7,-1,1
<28321953.1075862205373.JavaMail.evans@thyme>,Benign,7,-1,56
<13664581.1075860476572.JavaMail.evans@thyme>,Benign,28,-1,3
<11908931.1075858186371.JavaMail.evans@thyme>,Benign,22,-1,66
<3248005.1075854682688.JavaMail.evans@thyme>,Benign,3,-1,67
<32635804.1075842272592.JavaMail.evans@thyme>,Benign,8,-1,22
<31415507.1075847147582.JavaMail.evans@thyme>,Benign,11,-1,64
<1496944.1075856588375.JavaMail.evans@thyme>,Benign,17,-1,22
<21125532.1075844984540.JavaMail.evans@thyme>,Benign,3,-1,3
<14541229.1075860791775.JavaMail.evans@thyme>,Benign,3,-1,62
<1543865.1075842272451.JavaMail.evans@thyme>,Benign,25,-1,61
<21407954.1075842284704.JavaMail.evans@thyme>,Benign,29,-1,37
<19866652.1075844221807.JavaMail.evans@thyme>,Benign,8,-1,10
<7916973.1075844985988.JavaMail.evans@thyme>,Benign,7,-1,47
<13337215.1075847145090.JavaMail.evans@thyme>,Benign,29,-1,60
<3717960.1075862096049.JavaMail.evans@thyme>,Benign,8,-1,22
<21581654.1075859455457.JavaMail.evans@thyme>,Benign,7,-1,47
<29170330.1075858678066.JavaMail.evans@thyme>,Benign,3,-1,7
<20408834.1075842283751.JavaMail.evans@thyme>,Benign,9,-1,59
<649291.1075847150741.JavaMail.evans@thyme>,Benign,39,38,60
<22394631.1075841518197.JavaMail.evans@thyme>,Benign,3,-1,62
<7866704.1075860475253.JavaMail.evans@thyme>,Benign,3,-1,7
<32710123.1075860473347.JavaMail.evans@thyme>,Benign,25,-1,37
<29705995.1075859025580.JavaMail.evans@thyme>,Benign,29,-1,37
<10248857.1075846671245.JavaMail.evans@thyme>,Benign,25,-1,19
<31948477.1075842272357.JavaMail.evans@thyme>,Benign,25,-1,61
<32789665.1075856593825.JavaMail.evans@thyme>,Benign,38,-1,38
<18879603.1075858679071.JavaMail.evans@thyme>,Benign,7,-1,56
<24698709.1075846680756.JavaMail.evans@thyme>,Benign,17,-1,9
<6844577.1075862332197.JavaMail.evans@thyme>,Benign,3,-1,3
<33312048.1075842277605.JavaMail.evans@thyme>,Benign,2,-1,19
<19085033.1075858679810.JavaMail.evans@thyme>,Benign,7,-1,3
<859570.1075841505116.JavaMail.evans@thyme>,Benign,2,-1,29
<4396843.1075846765527.JavaMail.evans@thyme>,Benign,17,-1,1
<8732385.1075857033291.JavaMail.evans@thyme>,Benign,2,-1,29
<10331877.1075855557971.JavaMail.evans@thyme>,Benign,19,-1,13
<32502672.1075858676553.JavaMail.evans@thyme>,Benign,3,-1,3
<33438113.1075842282220.JavaMail.evans@thyme>,Benign,7,-1,1
<22676583.1075856592070.JavaMail.evans@thyme>,Benign,2,-1,29
<17942934.1075847147125.JavaMail.evans@thyme>,Benign,8,-1,10
<2534362.1075860474291.JavaMail.evans@thyme>,Benign,31,-1,10
<12828527.1075842274462.JavaMail.evans@thyme>,Benign,9,-1,59
<29176984.1075845478040.JavaMail.evans@thyme>,Benign,2,-1,55
<10499160.1075860480193.JavaMail.evans@thyme>,Benign,3,-1,67
<32319694.1075842283258.JavaMail.evans@thyme>,Benign,9,-1,68
<30294298.1075842283795.JavaMail.evans@thyme>,Benign,9,-1,68
<30729539.1075842282470.JavaMail.evans@thyme>,Benign,9,-1,59
<833350.1075842279601.JavaMail.evans@thyme>,Benign,25,-1,61
<28375847.1075842277446.JavaMail.evans@thyme>,Benign,25,-1,19
<17016627.1075859456512.JavaMail.evans@thyme>,Benign,28,-1,48
<31639769.1075855552402.JavaMail.evans@thyme>,Benign,3,-1,3
<8639342.1075846763014.JavaMail.evans@thyme>,Benign,7,-1,18
<19710582.1075844987200.JavaMail.evans@thyme>,Benign,42,-1,69
<28992516.1075842274925.JavaMail.evans@thyme>,Benign,2,-1,19
<17051545.1075855553862.JavaMail.evans@thyme>,Benign,31,39,39
<11100070.1075861017013.JavaMail.evans@thyme>,Benign,9,-1,19
<33542509.1075841522340.JavaMail.evans@thyme>,Benign,7,-1,7
<21001247.1075846746793.JavaMail.evans@thyme>,Benign,7,-1,47
<15897797.1075841506070.JavaMail.evans@thyme>,Benign,7,-1,7
<18004240.1075855558872.JavaMail.evans@thyme>,Benign,7,-1,38
<21830708.1075855554898.JavaMail.evans@thyme>,Benign,40,40,4
<17362405.1075846657224.JavaMail.evans@thyme>,Benign,2,-1,55
<19580630.1075847151998.JavaMail.evans@thyme>,Benign,3,-1,67
<13847994.1075853346580.JavaMail.evans@thyme>,Benign,3,-1,19
<28723493.1075842279733.JavaMail.evans@thyme>,Benign,3,-1,19
<21429906.1075851979798.JavaMail.evans@thyme>,Benign,3,-1,29
<7493098.1075852056018.JavaMail.evans@thyme>,Benign,7,-1,42
<24867289.1075841724542.JavaMail.evans@thyme>,Benign,31,39,39
<19418106.1075858680135.JavaMail.evans@thyme>,Benign,3,-1,62
<24110116.1075859024987.JavaMail.evans@thyme>,Benign,7,-1,3
<24979666.1075842275154.JavaMail.evans@thyme>,Benign,9,-1,59
<22269107.1075856593448.JavaMail.evans@thyme>,Benign,3,-1,67
<2701108.1075842281697.JavaMail.evans@thyme>,Benign,9,-1,61
<6582275.1075844220463.JavaMail.evans@thyme>,Benign,8,-1,22
<24482362.1075856587210.JavaMail.evans@thyme>,Benign,2,-1,55
<4233438.1075858681786.JavaMail.evans@thyme>,Benign,29,-1,22
<7743055.1075842280377.JavaMail.evans@thyme>,Benign,3,-1,19
<8714646.1075862206385.JavaMail.evans@thyme>,Benign,1,41,23
<19100333.1075847147783.JavaMail.evans@thyme>,Benign,11,-1,64
<28399965.1075856589444.JavaMail.evans@thyme>,Benign,2,-1,55
<27911666.1075847150518.JavaMail.evans@thyme>,Benign,39,38,60
<19794818.1075842280828.JavaMail.evans@thyme>,Benign,25,-1,61
<14794507.1075855554416.JavaMail.evans@thyme>,Benign,26,-1,57
<3882039.1075847146899.JavaMail.evans@thyme>,Benign,11,-1,64
<17308677.1075842274302.JavaMail.evans@thyme>,Benign,2,-1,61
<24986792.1075846752554.JavaMail.evans@thyme>,Benign,8,-1,67
<14608175.1075856587743.JavaMail.evans@thyme>,Benign,9,-1,68
<30250472.1075841724903.JavaMail.evans@thyme>,Benign,3,-1,62
<14184651.1075847151820.JavaMail.evans@thyme>,Benign,29,38,60
<10276188.1075842281078.JavaMail.evans@thyme>,Benign,25,-1,61
<22602231.1075846754252.JavaMail.evans@thyme>,Benign,38,-1,38
<29926539.1075859024931.JavaMail.evans@thyme>,Benign,29,-1,37
<30713531.1075842285733.JavaMail.evans@thyme>,Benign,2,-1,19
<9408623.1075860478629.JavaMail.evans@thyme>,Benign,8,-1,22
<19092105.1075844221086.JavaMail.evans@thyme>,Benign,8,-1,22
<20832084.1075842273874.JavaMail.evans@thyme>,Benign,25,-1,19
<12955331.1075844985095.JavaMail.evans@thyme>,Benign,2,-1,3
<8154361.1075862202805.JavaMail.evans@thyme>,Benign,8,-1,22
<22508303.1075862095412.JavaMail.evans@thyme>,Benign,3,-1,29
<31002454.1075858681908.JavaMail.evans@thyme>,Benign,22,-1,66
<16303622.1075847149227.JavaMail.evans@thyme>,Benign,3,-1,48
<11746971.1075847148898.JavaMail.evans@thyme>,Benign,29,-1,42
<2221749.1075860477080.JavaMail.evans@thyme>,Benign,8,-1,22
<23288337.1075844221591.JavaMail.evans@thyme>,Benign,29,-1,42
<7019110.1075841511158.JavaMail.evans@thyme>,Benign,38,-1,38
<6505390.1075846742767.JavaMail.evans@thyme>,Benign,31,39,39
<26034104.1075847149325.JavaMail.evans@thyme>,Benign,39,38,60
<18874412.1075855552722.JavaMail.evans@thyme>,Benign,25,-1,19
<30920141.1075842283027.JavaMail.evans@thyme>,Benign,3,-1,48
<12853273.1075858676373.JavaMail.evans@thyme>,Benign,8,-1,10
<20630333.1075842281482.JavaMail.evans@thyme>,Benign,9,-1,59
<16069396.1075841527940.JavaMail.evans@thyme>,Benign,17,-1,9
<3570303.1075842278926.JavaMail.evans@thyme>,Benign,25,-1,61
<13969632.1075856592183.JavaMail.evans@thyme>,Benign,2,-1,43
<32057915.1075842283303.JavaMail.evans@thyme>,Benign,25,-1,61
<26596689.1075851581156.JavaMail.evans@thyme>,Benign,9,-1,59
<29248461.1075862415387.JavaMail.evans@thyme>,Benign,31,-1,39
<30188598.1075842284867.JavaMail.evans@thyme>,Benign,28,-1,48
<33324273.1075842274948.JavaMail.evans@thyme>,Benign,2,-1,62
<6270024.1075855548778.JavaMail.evans@thyme>,Benign,41,-1,1
<24166387.1075859027595.JavaMail.evans@thyme>,Benign,7,-1,47
<5547002.1075856591666.JavaMail.evans@thyme>,Benign,2,-1,55
<5011545.1075860472476.JavaMail.evans@thyme>,Benign,24,-1,36
<3645589.1075861017251.JavaMail.evans@thyme>,Benign,7,-1,3
<22367942.1075859337782.JavaMail.evans@thyme>,Benign,29,-1,42
<22593451.1075858677044.JavaMail.evans@thyme>,Benign,38,-1,38
<14885386.1075842273414.JavaMail.evans@thyme>,Benign,25,-1,61
<24977244.1075842277288.JavaMail.evans@thyme>,Benign,25,-1,59
<8079476.1075847464576.JavaMail.evans@thyme>,Benign,8,-1,10
<26398803.1075862095577.JavaMail.evans@thyme>,Benign,2,-1,55
<32200702.1075860478118.JavaMail.evans@thyme>,Benign,28,-1,67
<17653561.1075859457727.JavaMail.evans@thyme>,Benign,28,-1,48
<30770454.1075842276317.JavaMail.evans@thyme>,Benign,25,-1,61
<29648145.1075844986495.JavaMail.evans@thyme>,Benign,42,-1,69
<30955571.1075856590947.JavaMail.evans@thyme>,Benign,29,-1,42
<17997930.1075861168291.JavaMail.evans@thyme>,Benign,7,-1,7
<15336709.1075855550503.JavaMail.evans@thyme>,Benign,17,-1,1
<10829728.1075840878251.JavaMail.evans@thyme>,Benign,8,-1,22
<13696607.1075853922773.JavaMail.evans@thyme>,Benign,28,-1,47
<20032025.1075841723792.JavaMail.evans@thyme>,Benign,31,39,39
<16028499.1075842279257.JavaMail.evans@thyme>,Benign,2,-1,61
<16280043.1075856590903.JavaMail.evans@thyme>,Benign,2,-1,29
<14702194.1075858682347.JavaMail.evans@thyme>,Benign,3,-1,68
<28856153.1075846758794.JavaMail.evans@thyme>,Benign,9,-1,68
<9327602.1075842281672.JavaMail.evans@thyme>,Benign,2,-1,48
<21227885.1075841554621.JavaMail.evans@thyme>,Benign,38,-1,38
<1719796.1075854682645.JavaMail.evans@thyme>,Benign,29,-1,42
<23484687.1075846747407.JavaMail.evans@thyme>,Benign,7,-1,18
<8201734.1075855553906.JavaMail.evans@thyme>,Benign,19,42,13
<24713036.1075842275703.JavaMail.evans@thyme>,Benign,9,-1,59
<4261527.1075856592982.JavaMail.evans@thyme>,Benign,29,-1,42
<12724600.1075840095060.JavaMail.evans@thyme>,Benign,7,-1,18
<12490678.1075847146583.JavaMail.evans@thyme>,Benign,11,-1,64
<14352131.1075847145788.JavaMail.evans@thyme>,Benign,29,43,60
<16032223.1075846744353.JavaMail.evans@thyme>,Benign,17,-1,1
<30066588.1075842274552.JavaMail.evans@thyme>,Benign,9,-1,59
<20129456.1075855560375.JavaMail.evans@thyme>,Benign,2,-1,55
<14185585.1075862204853.JavaMail.evans@thyme>,Benign,3,-1,3
<5890980.1075858186116.JavaMail.evans@thyme>,Benign,7,-1,18
<2475874.1075846677662.JavaMail.evans@thyme>,Benign,28,-1,48
<27341319.1075841724364.JavaMail.evans@thyme>,Benign,31,39,39
<12450448.1075862095805.JavaMail.evans@thyme>,Benign,2,-1,3
<3948798.1075860480105.JavaMail.evans@thyme>,Benign,3,-1,67
<18829958.1075853346286.JavaMail.evans@thyme>,Benign,2,-1,55
<19527719.1075858676130.JavaMail.evans@thyme>,Benign,7,-1,47
<12547314.1075842284584.JavaMail.evans@thyme>,Benign,7,-1,18
<28909788.1075856641292.JavaMail.evans@thyme>,Benign,2,-1,55
<7991407.1075856589087.JavaMail.evans@thyme>,Benign,29,-1,10
<28793704.1075859455100.JavaMail.evans@thyme>,Benign,28,44,37
<11269923.1075856588834.JavaMail.evans@thyme>,Benign,7,-1,7
<16196885.1075842285912.JavaMail.evans@thyme>,Benign,3,-1,19
<3337416.1075842276476.JavaMail.evans@thyme>,Benign,2,-1,19
<29504855.1075859456627.JavaMail.evans@thyme>,Benign,28,-1,48
<16619985.1075842278170.JavaMail.evans@thyme>,Benign,25,-1,38
<12818859.1075856587994.JavaMail.evans@thyme>,Benign,9,-1,29
<18577952.1075842275925.JavaMail.evans@thyme>,Benign,2,-1,61
<10866494.1075842282763.JavaMail.evans@thyme>,Benign,2,-1,61
<1668039.1075853346196.JavaMail.evans@thyme>,Benign,2,-1,19
<1026325.1075846759703.JavaMail.evans@thyme>,Benign,7,-1,18
<17047705.1075853346625.JavaMail.evans@thyme>,Benign,25,-1,19
<32392098.1075842274393.JavaMail.evans@thyme>,Benign,25,-1,61
<31097369.1075856589532.JavaMail.evans@thyme>,Benign,8,-1,10
<13926609.1075859457905.JavaMail.evans@thyme>,Benign,1,41,23
<8138356.1075842279755.JavaMail.evans@thyme>,Benign,2,-1,61
<1480999.1075860477374.JavaMail.evans@thyme>,Benign,3,-1,3
<14995281.1075844986588.JavaMail.evans@thyme>,Benign,17,-1,9
<18263627.1075845227187.JavaMail.evans@thyme>,Benign,2,-1,68
<17752166.1075855557701.JavaMail.evans@thyme>,Benign,41,-1,1
<9140120.1075860479779.JavaMail.evans@thyme>,Benign,3,-1,22
<29562955.1075842285594.JavaMail.evans@thyme>,Benign,3,-1,19
<4719459.1075858186073.JavaMail.evans@thyme>,Benign,2,-1,55
<6093458.1075853347042.JavaMail.evans@thyme>,Benign,9,-1,68
<27957748.1075862332043.JavaMail.evans@thyme>,Benign,42,-1,69
<7391870.1075856587609.JavaMail.evans@thyme>,Benign,2,-1,43
<26248571.1075847148488.JavaMail.evans@thyme>,Benign,39,38,60
<29667140.1075841510638.JavaMail.evans@thyme>,Benign,7,-1,62
<20918956.1075846748553.JavaMail.evans@thyme>,Benign,7,-1,18
<32432766.1075846675268.JavaMail.evans@thyme>,Benign,7,-1,7
<29108276.1075862205676.JavaMail.evans@thyme>,Benign,22,-1,66
<8965843.1075842279555.JavaMail.evans@thyme>,Benign,8,-1,61
<30041638.1075842278769.JavaMail.evans@thyme>,Benign,3,-1,3
<32288907.1075841504083.JavaMail.evans@thyme>,Benign,28,-1,48
<29373129.1075857032652.JavaMail.evans@thyme>,Benign,2,-1,43
<22041346.1075847151503.JavaMail.evans@thyme>,Benign,29,-1,42
<30392846.1075842273443.JavaMail.evans@thyme>,Benign,8,-1,10
<8652307.1075840777739.JavaMail.evans@thyme>,Benign,3,-1,3
<32685187.1075840094445.JavaMail.evans@thyme>,Benign,17,45,9
<21000151.1075841723111.JavaMail.evans@thyme>,Benign,31,39,39
<4035198.1075844986060.JavaMail.evans@thyme>,Benign,9,-1,7
<25489948.1075855560354.JavaMail.evans@thyme>,Benign,7,-1,7
<33478719.1075846746505.JavaMail.evans@thyme>,Benign,7,-1,1
<5719318.1075844221030.JavaMail.evans@thyme>,Benign,29,-1,10
<21720868.1075844221326.JavaMail.evans@thyme>,Benign,29,-1,42
<4928939.1075846676923.JavaMail.evans@thyme>,Benign,7,-1,18
<27625165.1075856593737.JavaMail.evans@thyme>,Benign,2,-1,43
<32125732.1075841520339.JavaMail.evans@thyme>,Benign,3,-1,7
<20846214.1075855549654.JavaMail.evans@thyme>,Benign,7,-1,18
<2279569.1075858622207.JavaMail.evans@thyme>,Benign,2,-1,42
<16830783.1075855558170.JavaMail.evans@thyme>,Benign,26,-1,57
<31159941.1075853346796.JavaMail.evans@thyme>,Benign,25,-1,61
<25214788.1075842285369.JavaMail.evans@thyme>,Benign,25,-1,61
<29418029.1075856592958.JavaMail.evans@thyme>,Benign,3,-1,67
<17923486.1075860468490.JavaMail.evans@thyme>,Benign,29,-1,37
<19235044.1075842283862.JavaMail.evans@thyme>,Benign,29,-1,37
<13107632.1075860476988.JavaMail.evans@thyme>,Benign,28,-1,67
<8204490.1075860479146.JavaMail.evans@thyme>,Benign,8,-1,22
<32668779.1075855929757.JavaMail.evans@thyme>,Benign,2,-1,55
<22231805.1075855553606.JavaMail.evans@thyme>,Benign,41,-1,1
<1278559.1075841505937.JavaMail.evans@thyme>,Benign,29,-1,62
<23427265.1075847145759.JavaMail.evans@thyme>,Benign,29,-1,42
<13551558.1075841722624.JavaMail.evans@thyme>,Benign,31,39,39
<29911072.1075842275065.JavaMail.evans@thyme>,Benign,8,-1,22
<28954187.1075839924881.JavaMail.evans@thyme>,Benign,3,-1,7
<18011387.1075842276994.JavaMail.evans@thyme>,Benign,25,-1,19
<17646555.1075859456380.JavaMail.evans@thyme>,Benign,29,-1,42
<28395050.1075860479465.JavaMail.evans@thyme>,Benign,3,-1,19
<26839933.1075842272297.JavaMail.evans@thyme>,Benign,25,-1,61
<18379088.1075842277177.JavaMail.evans@thyme>,Benign,25,-1,61
<30895212.1075847151199.JavaMail.evans@thyme>,Benign,39,38,60
<26613213.1075855548133.JavaMail.evans@thyme>,Benign,41,-1,1
<21287934.1075846669259.JavaMail.evans@thyme>,Benign,3,-1,3
<18579766.1075861017516.JavaMail.evans@thyme>,Benign,22,-1,66
<33544806.1075844221111.JavaMail.evans@thyme>,Benign,8,-1,22
<28234488.1075845297850.JavaMail.evans@thyme>,Benign,7,-1,7
<21506757.1075842278724.JavaMail.evans@thyme>,Benign,29,-1,37
<33297857.1075862206290.JavaMail.evans@thyme>,Benign,1,41,23
<13175048.1075858677376.JavaMail.evans@thyme>,Benign,25,-1,61
<7023214.1075846755388.JavaMail.evans@thyme>,Benign,9,-1,68
<22525005.1075855547711.JavaMail.evans@thyme>,Benign,38,-1,7
<17457305.1075851539621.JavaMail.evans@thyme>,Benign,28,-1,48
<4491480.1075855550692.JavaMail.evans@thyme>,Benign,17,-1,9
<27748063.1075846762162.JavaMail.evans@thyme>,Benign,2,-1,29
<4471933.1075856591534.JavaMail.evans@thyme>,Benign,8,-1,22
<3993101.1075840797154.JavaMail.evans@thyme>,Benign,2,-1,55
<29395343.1075846661157.JavaMail.evans@thyme>,Benign,3,-1,60
<21582767.1075861017926.JavaMail.evans@thyme>,Benign,7,-1,38
<26435477.1075847147648.JavaMail.evans@thyme>,Benign,11,-1,12
<583664.1075847148875.JavaMail.evans@thyme>,Benign,39,38,60
<2118176.1075858676530.JavaMail.evans@thyme>,Benign,8,-1,22
<14995895.1075842281919.JavaMail.evans@thyme>,Benign,29,-1,37
<9403934.1075860474218.JavaMail.evans@thyme>,Benign,38,-1,38
<11912819.1075841724722.JavaMail.evans@thyme>,Benign,31,39,39
<21616295.1075847146446.JavaMail.evans@thyme>,Benign,11,-1,12
<15602249.1075860473989.JavaMail.evans@thyme>,Benign,8,-1,3
<20015305.1075858185851.JavaMail.evans@thyme>,Benign,28,-1,48
<9929186.1075847146333.JavaMail.evans@thyme>,Benign,11,-1,12
<6193742.1075856593782.JavaMail.evans@thyme>,Benign,3,-1,29
<29851085.1075842273321.JavaMail.evans@thyme>,Benign,3,-1,38
<342386.1075842281438.JavaMail.evans@thyme>,Benign,3,-1,3
<9110077.1075853346467.JavaMail.evans@thyme>,Benign,8,-1,10
<10845452.1075856642603.JavaMail.evans@thyme>,Benign,29,-1,42
<24786206.1075857703103.JavaMail.evans@thyme>,Benign,2,-1,55
<7575811.1075841527092.JavaMail.evans@thyme>,Benign,2,-1,19
<28152462.1075858678951.JavaMail.evans@thyme>,Benign,7,-1,7
<28529509.1075841514550.JavaMail.evans@thyme>,Benign,38,-1,10
<21625509.1075859027618.JavaMail.evans@thyme>,Benign,7,-1,29
<21426560.1075846745403.JavaMail.evans@thyme>,Benign,17,-1,9
<9442430.1075847466452.JavaMail.evans@thyme>,Benign,11,-1,12
<14622865.1075856642470.JavaMail.evans@thyme>,Benign,29,-1,42
<31156915.1075858186988.JavaMail.evans@thyme>,Benign,9,-1,47
<14016237.1075855557512.JavaMail.evans@thyme>,Benign,19,-1,13
<30276712.1075842280354.JavaMail.evans@thyme>,Benign,8,-1,22
<3762927.1075860474152.JavaMail.evans@thyme>,Benign,8,-1,67
<3760515.1075860478163.JavaMail.evans@thyme>,Benign,28,-1,67
<9763563.1075847145231.JavaMail.evans@thyme>,Benign,8,-1,10
<15949617.1075856589858.JavaMail.evans@thyme>,Benign,2,-1,55
<22335182.1075858680624.JavaMail.evans@thyme>,Benign,38,-1,38
<11352075.1075863702504.JavaMail.evans@thyme>,Benign,2,-1,43
<21324330.1075859982678.JavaMail.evans@thyme>,Benign,17,-1,9
<470412.1075841501240.JavaMail.evans@thyme>,Benign,7,-1,62
<17757975.1075841723571.JavaMail.evans@thyme>,Benign,31,39,39
<11908486.1075860477815.JavaMail.evans@thyme>,Benign,8,-1,22
<23610495.1075844220619.JavaMail.evans@thyme>,Benign,8,-1,22
<31033517.1075856592316.JavaMail.evans@thyme>,Benign,2,-1,43
<15663487.1075855557310.JavaMail.evans@thyme>,Benign,3,-1,37
<24642676.1075846748691.JavaMail.evans@thyme>,Benign,7,-1,47
<21035856.1075856591415.JavaMail.evans@thyme>,Benign,3,-1,29
<30606457.1075840878080.JavaMail.evans@thyme>,Benign,29,-1,42
<13294825.1075857033056.JavaMail.evans@thyme>,Benign,29,-1,42
<4027679.1075859457883.JavaMail.evans@thyme>,Benign,42,-1,69
<22066539.1075856593891.JavaMail.evans@thyme>,Benign,2,-1,43
<33361309.1075842279532.JavaMail.evans@thyme>,Benign,9,-1,59
<3612675.1075844984452.JavaMail.evans@thyme>,Benign,8,-1,10
<24006354.1075851979750.JavaMail.evans@thyme>,Benign,31,39,39
<14466036.1075847150795.JavaMail.evans@thyme>,Benign,39,38,60
<5687573.1075855553150.JavaMail.evans@thyme>,Benign,8,-1,22
<27429992.1075847466407.JavaMail.evans@thyme>,Benign,29,43,60
<25988052.1075858186561.JavaMail.evans@thyme>,Benign,28,-1,48
<27566169.1075847148211.JavaMail.evans@thyme>,Benign,11,-1,64
<4720999.1075858676305.JavaMail.evans@thyme>,Benign,2,-1,55
<23418539.1075842276017.JavaMail.evans@thyme>,Benign,25,-1,61
<16839642.1075851581281.JavaMail.evans@thyme>,Benign,3,-1,18
<27673954.1075842282357.JavaMail.evans@thyme>,Benign,2,-1,19
<5324243.1075858680564.JavaMail.evans@thyme>,Benign,38,-1,38
<6467458.1075842274623.JavaMail.evans@thyme>,Benign,38,-1,47
<31727532.1075846760000.JavaMail.evans@thyme>,Benign,9,-1,47
<11642130.1075859456989.JavaMail.evans@thyme>,Benign,9,-1,47
<29131245.1075853922687.JavaMail.evans@thyme>,Benign,9,-1,48
<15485159.1075841723838.JavaMail.evans@thyme>,Benign,3,-1,62
<28938883.1075859027357.JavaMail.evans@thyme>,Benign,7,-1,1
<3127601.1075862203489.JavaMail.evans@thyme>,Benign,7,-1,57
<1092212.1075859026646.JavaMail.evans@thyme>,Benign,7,-1,47
<6359423.1075847148143.JavaMail.evans@thyme>,Benign,11,-1,64
<14060596.1075862202828.JavaMail.evans@thyme>,Benign,1,46,23
<6447274.1075859025192.JavaMail.evans@thyme>,Benign,3,-1,10
<18833458.1075855558236.JavaMail.evans@thyme>,Benign,3,-1,48
<11427985.1075856590747.JavaMail.evans@thyme>,Benign,2,-1,43
<28250920.1075859456581.JavaMail.evans@thyme>,Benign,28,-1,48
<27212368.1075861168379.JavaMail.evans@thyme>,Benign,38,-1,38
<26920580.1075847466315.JavaMail.evans@thyme>,Benign,11,-1,64
<4830962.1075845478197.JavaMail.evans@thyme>,Benign,7,-1,7
<25053470.1075855929734.JavaMail.evans@thyme>,Benign,3,-1,29
<5997120.1075844986472.JavaMail.evans@thyme>,Benign,42,-1,69
<1246686.1075856592024.JavaMail.evans@thyme>,Benign,2,-1,43
<10444629.1075842273829.JavaMail.evans@thyme>,Benign,3,-1,19
<26028263.1075842285391.JavaMail.evans@thyme>,Benign,25,-1,61
<25752505.1075855549727.JavaMail.evans@thyme>,Benign,8,-1,22
<30600587.1075855555458.JavaMail.evans@thyme>,Benign,22,-1,66
<14947269.1075842280325.JavaMail.evans@thyme>,Benign,7,-1,62
<25331495.1075858187117.JavaMail.evans@thyme>,Benign,9,-1,47
<24085578.1075841525313.JavaMail.evans@thyme>,Benign,38,-1,38
<17872457.1075844221664.JavaMail.evans@thyme>,Benign,29,-1,42
<20153605.1075856643243.JavaMail.evans@thyme>,Benign,29,-1,42
<9833091.1075845477994.JavaMail.evans@thyme>,Benign,2,-1,68
<5319631.1075842281582.JavaMail.evans@thyme>,Benign,41,-1,1
<24756398.1075860479397.JavaMail.evans@thyme>,Benign,8,-1,10
<28249047.1075844986152.JavaMail.evans@thyme>,Benign,3,-1,38
<11914154.1075846741376.JavaMail.evans@thyme>,Benign,38,-1,55
<9283561.1075859457269.JavaMail.evans@thyme>,Benign,28,44,37
<32035294.1075855412826.JavaMail.evans@thyme>,Benign,3,-1,7
<3196618.1075840797178.JavaMail.evans@thyme>,Benign,2,-1,38
<14111263.1075842275543.JavaMail.evans@thyme>,Benign,25,-1,61
<15014777.1075860473106.JavaMail.evans@thyme>,Benign,25,-1,38
<16651909.1075857033682.JavaMail.evans@thyme>,Benign,2,-1,38
<25473309.1075842261395.JavaMail.evans@thyme>,Benign,3,-1,67
<31226624.1075860473457.JavaMail.evans@thyme>,Benign,8,-1,22
<8762638.1075847147537.JavaMail.evans@thyme>,Benign,3,-1,68
<5329022.1075858678700.JavaMail.evans@thyme>,Benign,3,-1,42
<31965990.1075841531253.JavaMail.evans@thyme>,Benign,28,-1,66
<6888599.1075842276726.JavaMail.evans@thyme>,Benign,9,-1,61
<16759331.1075860478337.JavaMail.evans@thyme>,Benign,3,-1,67
<4734004.1075862415435.JavaMail.evans@thyme>,Benign,17,-1,9
<28101857.1075863702414.JavaMail.evans@thyme>,Benign,2,-1,29
<11695899.1075863642936.JavaMail.evans@thyme>,Benign,29,-1,37
<4041082.1075853346330.JavaMail.evans@thyme>,Benign,8,-1,38
<28560772.1075858679195.JavaMail.evans@thyme>,Benign,8,-1,22
<30464335.1075844221159.JavaMail.evans@thyme>,Benign,3,-1,19
<31975901.1075851581180.JavaMail.evans@thyme>,Benign,3,-1,3
<6043514.1075860475296.JavaMail.evans@thyme>,Benign,3,-1,67
<3422567.1075856642426.JavaMail.evans@thyme>,Benign,8,-1,29
<25005939.1075860468887.JavaMail.evans@thyme>,Benign,24,-1,36
<14593813.1075841515128.JavaMail.evans@thyme>,Benign,31,-1,10
<7332321.1075856642313.JavaMail.evans@thyme>,Benign,2,-1,55
<3050044.1075841509054.JavaMail.evans@thyme>,Benign,8,-1,10
<3437581.1075844986128.JavaMail.evans@thyme>,Benign,7,-1,47
<12206092.1075860472542.JavaMail.evans@thyme>,Benign,28,-1,3
<78281.1075844984901.JavaMail.evans@thyme>,Benign,3,-1,3
<22785193.1075863706896.JavaMail.evans@thyme>,Benign,2,-1,43
<25784162.1075857032585.JavaMail.evans@thyme>,Benign,2,-1,55
<9849482.1075846752508.JavaMail.evans@thyme>,Benign,7,-1,29
<25182812.1075856592870.JavaMail.evans@thyme>,Benign,9,-1,18
<9959714.1075842275995.JavaMail.evans@thyme>,Benign,25,-1,67
<30290101.1075844986937.JavaMail.evans@thyme>,Benign,8,-1,22
<6041627.1075851980550.JavaMail.evans@thyme>,Benign,29,-1,37
<19605180.1075862206268.JavaMail.evans@thyme>,Benign,1,41,23
<15186054.1075846669465.JavaMail.evans@thyme>,Benign,17,-1,9
<6287311.1075856587809.JavaMail.evans@thyme>,Benign,25,-1,61
<16981709.1075841517959.JavaMail.evans@thyme>,Benign,3,-1,62
<22814579.1075848342925.JavaMail.evans@thyme>,Benign,3,-1,7
<9800455.1075841724248.JavaMail.evans@thyme>,Benign,25,-1,19
<27849618.1075841723527.JavaMail.evans@thyme>,Benign,31,39,39
<7134188.1075842283683.JavaMail.evans@thyme>,Benign,25,-1,61
<13836123.1075847148828.JavaMail.evans@thyme>,Benign,39,38,60
<14029375.1075858676281.JavaMail.evans@thyme>,Benign,3,-1,59
<12274331.1075859027728.JavaMail.evans@thyme>,Benign,38,-1,38
<19951170.1075858680775.JavaMail.evans@thyme>,Benign,25,-1,19
<17692396.1075844986909.JavaMail.evans@thyme>,Benign,3,-1,22
<21322113.1075862414786.JavaMail.evans@thyme>,Benign,17,-1,1
<993164.1075859456834.JavaMail.evans@thyme>,Benign,42,-1,69
<30320662.1075860480150.JavaMail.evans@thyme>,Benign,3,-1,38
<28498256.1075846666570.JavaMail.evans@thyme>,Benign,17,-1,9
<20116111.1075862415483.JavaMail.evans@thyme>,Benign,3,-1,18
<12323683.1075855557921.JavaMail.evans@thyme>,Benign,41,-1,60
<3999736.1075860475366.JavaMail.evans@thyme>,Benign,8,-1,22
<9151659.1075855501047.JavaMail.evans@thyme>,Benign,9,-1,47
<12671005.1075842275363.JavaMail.evans@thyme>,Benign,3,-1,61
<32139235.1075842285302.JavaMail.evans@thyme>,Benign,2,-1,19
<26839920.1075842284092.JavaMail.evans@thyme>,Benign,9,-1,59
<28661769.1075851911630.JavaMail.evans@thyme>,Benign,9,-1,68
<32548224.1075855556780.JavaMail.evans@thyme>,Benign,7,-1,3
<12810930.1075844220706.JavaMail.evans@thyme>,Benign,8,-1,22
<17650500.1075859025475.JavaMail.evans@thyme>,Benign,29,-1,9
<10288850.1075855547827.JavaMail.evans@thyme>,Benign,41,-1,42
<15019380.1075860475686.JavaMail.evans@thyme>,Benign,29,-1,37
<6923545.1075855554114.JavaMail.evans@thyme>,Benign,9,-1,47
<29681554.1075840094610.JavaMail.evans@thyme>,Benign,7,-1,18
<19156991.1075841507985.JavaMail.evans@thyme>,Benign,29,-1,42
<23339716.1075847152025.JavaMail.evans@thyme>,Benign,8,-1,10
<18602599.1075840094665.JavaMail.evans@thyme>,Benign,17,45,9
<4578378.1075856588925.JavaMail.evans@thyme>,Benign,8,-1,22
<31566175.1075857032244.JavaMail.evans@thyme>,Benign,3,-1,67
<30766849.1075844986321.JavaMail.evans@thyme>,Benign,3,-1,42
<14290737.1075862415337.JavaMail.evans@thyme>,Benign,7,-1,18
<15554877.1075847466614.JavaMail.evans@thyme>,Benign,29,43,60
<18497664.1075846757258.JavaMail.evans@thyme>,Benign,2,-1,29
<27093124.1075855561375.JavaMail.evans@thyme>,Benign,26,-1,57
<15761553.1075841508598.JavaMail.evans@thyme>,Benign,29,-1,62
<29943855.1075859456489.JavaMail.evans@thyme>,Benign,3,-1,3
<29092350.1075856590703.JavaMail.evans@thyme>,Benign,9,-1,47
<10330818.1075862205236.JavaMail.evans@thyme>,Benign,3,-1,22
<30432571.1075842272797.JavaMail.evans@thyme>,Benign,28,-1,37
<16384451.1075860476505.JavaMail.evans@thyme>,Benign,31,39,39
<19635688.1075841724022.JavaMail.evans@thyme>,Benign,3,-1,19
<11588423.1075841523465.JavaMail.evans@thyme>,Benign,9,-1,47
<2472129.1075856642785.JavaMail.evans@thyme>,Benign,8,-1,10
<7353762.1075842276158.JavaMail.evans@thyme>,Benign,25,-1,61
<27032100.1075856588353.JavaMail.evans@thyme>,Benign,28,-1,48
<4285040.1075857032895.JavaMail.evans@thyme>,Benign,2,-1,43
<9379325.1075860479275.JavaMail.evans@thyme>,Benign,29,-1,10
<4710773.1075851980800.JavaMail.evans@thyme>,Benign,8,-1,22
<3009730.1075842275612.JavaMail.evans@thyme>,Benign,3,-1,1
<29566127.1075842285800.JavaMail.evans@thyme>,Benign,2,-1,19
<18509834.1075840095162.JavaMail.evans@thyme>,Benign,7,-1,18
<30326851.1075844221950.JavaMail.evans@thyme>,Benign,29,-1,42
<17137495.1075851979869.JavaMail.evans@thyme>,Benign,8,-1,19
<33248159.1075860476308.JavaMail.evans@thyme>,Benign,8,-1,22
<13721858.1075855548289.JavaMail.evans@thyme>,Benign,40,40,4
<16056123.1075863606515.JavaMail.evans@thyme>,Benign,38,-1,38
<14870378.1075845478130.JavaMail.evans@thyme>,Benign,7,-1,47
<767744.1075858622263.JavaMail.evans@thyme>,Benign,17,-1,9
<5107514.1075841500221.JavaMail.evans@thyme>,Benign,31,39,39
<21861978.1075846680474.JavaMail.evans@thyme>,Benign,17,-1,9
<21854068.1075858683205.JavaMail.evans@thyme>,Benign,1,41,23
<22174922.1075857032537.JavaMail.evans@thyme>,Benign,2,-1,55
<29733331.1075856587432.JavaMail.evans@thyme>,Benign,8,-1,55
<13401503.1075859457014.JavaMail.evans@thyme>,Benign,2,-1,55
<24948239.1075860474338.JavaMail.evans@thyme>,Benign,8,-1,22
<32683436.1075860474013.JavaMail.evans@thyme>,Benign,3,-1,61
<23383009.1075853347086.JavaMail.evans@thyme>,Benign,7,-1,18
<21665752.1075844984428.JavaMail.evans@thyme>,Benign,9,-1,59
<29798169.1075847147102.JavaMail.evans@thyme>,Benign,11,-1,64
<7970362.1075844220174.JavaMail.evans@thyme>,Benign,29,-1,42
<20686933.1075844220571.JavaMail.evans@thyme>,Benign,8,-1,10
<2677119.1075847146854.JavaMail.evans@thyme>,Benign,11,-1,64
<8507374.1075841503913.JavaMail.evans@thyme>,Benign,28,-1,37
<13444319.1075862203466.JavaMail.evans@thyme>,Benign,7,-1,47
<24631878.1075851980200.JavaMail.evans@thyme>,Benign,17,-1,22
<21455347.1075847146717.JavaMail.evans@thyme>,Benign,11,-1,12
<5887531.1075855559702.JavaMail.evans@thyme>,Benign,3,-1,37
<10100754.1075859982629.JavaMail.evans@thyme>,Benign,3,-1,3
<18940445.1075847149647.JavaMail.evans@thyme>,Benign,11,-1,64
<28373579.1075862203987.JavaMail.evans@thyme>,Benign,28,-1,37
<32623559.1075842285099.JavaMail.evans@thyme>,Benign,3,-1,61
<16634462.1075842282196.JavaMail.evans@thyme>,Benign,9,-1,59
<28366386.1075858680831.JavaMail.evans@thyme>,Benign,3,-1,3
<3736650.1075847151950.JavaMail.evans@thyme>,Benign,29,-1,42
<29630025.1075840094925.JavaMail.evans@thyme>,Benign,17,-1,1
<13968772.1075851980035.JavaMail.evans@thyme>,Benign,8,-1,22
<14310803.1075855560617.JavaMail.evans@thyme>,Benign,41,-1,39
<6995546.1075841525710.JavaMail.evans@thyme>,Benign,28,-1,7
<27353303.1075847465878.JavaMail.evans@thyme>,Benign,8,-1,10
<33028949.1075842275315.JavaMail.evans@thyme>,Benign,9,-1,59
<27116537.1075858679857.JavaMail.evans@thyme>,Benign,3,-1,48
<22372276.1075844985690.JavaMail.evans@thyme>,Benign,7,-1,47
<20431151.1075842278216.JavaMail.evans@thyme>,Benign,2,-1,19
<2047195.1075859027762.JavaMail.evans@thyme>,Benign,29,-1,42
<3877077.1075846753230.JavaMail.evans@thyme>,Benign,7,-1,48
<9683696.1075842273391.JavaMail.evans@thyme>,Benign,8,-1,22
<19417620.1075846678781.JavaMail.evans@thyme>,Benign,7,-1,18
<25872575.1075842275657.JavaMail.evans@thyme>,Benign,3,-1,67
<24774191.1075862414366.JavaMail.evans@thyme>,Benign,22,-1,66
<22552138.1075847147916.JavaMail.evans@thyme>,Benign,11,-1,64
<5942705.1075858697160.JavaMail.evans@thyme>,Benign,8,-1,22
<16238159.1075856587387.JavaMail.evans@thyme>,Benign,2,-1,43
<7323057.1075847146241.JavaMail.evans@thyme>,Benign,11,-1,12
<33457448.1075860473577.JavaMail.evans@thyme>,Benign,31,-1,10
<6924441.1075855557852.JavaMail.evans@thyme>,Benign,17,-1,1
<12204747.1075859455561.JavaMail.evans@thyme>,Benign,3,-1,7
<25567209.1075860472921.JavaMail.evans@thyme>,Benign,3,-1,29
<5204188.1075847148303.JavaMail.evans@thyme>,Benign,2,-1,61
<23593315.1075856642197.JavaMail.evans@thyme>,Benign,2,-1,55
<9820581.1075845477874.JavaMail.evans@thyme>,Benign,9,-1,47
<11945083.1075842277767.JavaMail.evans@thyme>,Benign,3,-1,19
<27496204.1075842273986.JavaMail.evans@thyme>,Benign,28,-1,37
<3388283.1075860472448.JavaMail.evans@thyme>,Benign,24,-1,36
<18880098.1075846759255.JavaMail.evans@thyme>,Benign,7,-1,62
<26445489.1075847464404.JavaMail.evans@thyme>,Benign,8,-1,10
<589264.1075847148280.JavaMail.evans@thyme>,Benign,11,-1,64
<16276205.1075862206312.JavaMail.evans@thyme>,Benign,1,41,23
<10875234.1075858999468.JavaMail.evans@thyme>,Benign,9,-1,47
<30792761.1075847147692.JavaMail.evans@thyme>,Benign,11,-1,64
<17271968.1075861017204.JavaMail.evans@thyme>,Benign,38,-1,38
<30849293.1075859027106.JavaMail.evans@thyme>,Benign,38,-1,38
<1272729.1075861017972.JavaMail.evans@thyme>,Benign,38,-1,38
<25991918.1075846759681.JavaMail.evans@thyme>,Benign,7,-1,29
<27502186.1075845477802.JavaMail.evans@thyme>,Benign,8,-1,29
<29016743.1075842277039.JavaMail.evans@thyme>,Benign,28,-1,37
<986527.1075859457449.JavaMail.evans@thyme>,Benign,28,-1,48
<1137877.1075842277244.JavaMail.evans@thyme>,Benign,3,-1,67
<26946904.1075862095783.JavaMail.evans@thyme>,Benign,2,-1,55
<13191532.1075856589837.JavaMail.evans@thyme>,Benign,9,-1,48
<32831571.1075846682303.JavaMail.evans@thyme>,Benign,8,-1,10
<1103741.1075842261484.JavaMail.evans@thyme>,Benign,9,-1,61
<29810093.1075844984971.JavaMail.evans@thyme>,Benign,3,-1,67
<12149272.1075855548680.JavaMail.evans@thyme>,Benign,19,-1,13
<13909328.1075842276765.JavaMail.evans@thyme>,Benign,9,-1,59
<32635722.1075862414739.JavaMail.evans@thyme>,Benign,7,-1,57
<19392347.1075858682004.JavaMail.evans@thyme>,Benign,28,-1,48
<7660816.1075844983912.JavaMail.evans@thyme>,Benign,3,-1,38
<20705533.1075859456651.JavaMail.evans@thyme>,Benign,3,-1,3
<10536070.1075840095237.JavaMail.evans@thyme>,Benign,3,-1,47
<19650357.1075842273852.JavaMail.evans@thyme>,Benign,25,-1,19
<28164267.1075855556534.JavaMail.evans@thyme>,Benign,19,42,13
<1749434.1075860478942.JavaMail.evans@thyme>,Benign,29,-1,37
<25128003.1075841528103.JavaMail.evans@thyme>,Benign,2,-1,29
<22845136.1075856589422.JavaMail.evans@thyme>,Benign,8,-1,42
<15791504.1075855547873.JavaMail.evans@thyme>,Benign,41,-1,42
<18802047.1075841723395.JavaMail.evans@thyme>,Benign,9,-1,7
<30162281.1075855549478.JavaMail.evans@thyme>,Benign,26,-1,57
<33162770.1075847148189.JavaMail.evans@thyme>,Benign,11,-1,12
<12398922.1075841531278.JavaMail.evans@thyme>,Benign,2,-1,55
<17328210.1075842283050.JavaMail.evans@thyme>,Benign,2,-1,38
<7906830.1075841502784.JavaMail.evans@thyme>,Benign,7,-1,7
<31929313.1075841528199.JavaMail.evans@thyme>,Benign,3,-1,66
<25310262.1075851581352.JavaMail.evans@thyme>,Benign,3,-1,18
<33084704.1075855560498.JavaMail.evans@thyme>,Benign,17,-1,1
<6471250.1075859457176.JavaMail.evans@thyme>,Benign,29,-1,42
<8029343.1075856589376.JavaMail.evans@thyme>,Benign,2,-1,43
<22681347.1075855548372.JavaMail.evans@thyme>,Benign,19,42,13
<11499516.1075842276204.JavaMail.evans@thyme>,Benign,9,-1,59
<5505035.1075846659313.JavaMail.evans@thyme>,Benign,17,-1,9
<22333953.1075842282719.JavaMail.evans@thyme>,Benign,3,-1,18
<25523400.1075842282013.JavaMail.evans@thyme>,Benign,8,-1,19
<26900489.1075842274416.JavaMail.evans@thyme>,Benign,17,-1,1
<24867807.1075847148946.JavaMail.evans@thyme>,Benign,39,38,60
<29550775.1075860472564.JavaMail.evans@thyme>,Benign,38,-1,38
<14635454.1075860468932.JavaMail.evans@thyme>,Benign,24,-1,36
<30672722.1075844987175.JavaMail.evans@thyme>,Benign,42,-1,69
<6309166.1075855559261.JavaMail.evans@thyme>,Benign,40,40,4
<23272646.1075847145300.JavaMail.evans@thyme>,Benign,11,-1,64
<28418368.1075860477102.JavaMail.evans@thyme>,Benign,28,-1,3
<29710219.1075842273758.JavaMail.evans@thyme>,Benign,28,-1,37
<30806963.1075855554138.JavaMail.evans@thyme>,Benign,41,-1,1
<19823822.1075860478873.JavaMail.evans@thyme>,Benign,3,-1,67
<9483472.1075841530311.JavaMail.evans@thyme>,Benign,3,-1,7
<22488552.1075860791631.JavaMail.evans@thyme>,Benign,28,-1,48
<13070389.1075844986520.JavaMail.evans@thyme>,Benign,42,-1,69
<19296876.1075841519236.JavaMail.evans@thyme>,Benign,7,-1,62
<25005050.1075841512559.JavaMail.evans@thyme>,Benign,29,-1,42
<7986094.1075846666321.JavaMail.evans@thyme>,Benign,8,-1,22
<25394804.1075859455325.JavaMail.evans@thyme>,Benign,28,44,37
<31011965.1075842282104.JavaMail.evans@thyme>,Benign,9,-1,59
<13416824.1075860476236.JavaMail.evans@thyme>,Benign,31,39,39
<14255411.1075855548864.JavaMail.evans@thyme>,Benign,2,-1,38
<24176471.1075862204323.JavaMail.evans@thyme>,Benign,7,-1,1
<22699032.1075851980347.JavaMail.evans@thyme>,Benign,29,-1,3
<32130367.1075844986413.JavaMail.evans@thyme>,Benign,42,-1,69
<29339788.1075853922837.JavaMail.evans@thyme>,Benign,3,-1,18
<26490853.1075861017857.JavaMail.evans@thyme>,Benign,7,-1,62
<1123333.1075860478207.JavaMail.evans@thyme>,Benign,3,-1,1
<29346265.1075858677142.JavaMail.evans@thyme>,Benign,3,-1,55
<4206571.1075856588149.JavaMail.evans@thyme>,Benign,2,-1,55
<16788099.1075841517493.JavaMail.evans@thyme>,Benign,9,-1,68
<13491901.1075856589509.JavaMail.evans@thyme>,Benign,3,-1,29
<5899343.1075859457526.JavaMail.evans@thyme>,Benign,28,-1,48
<13009122.1075855929780.JavaMail.evans@thyme>,Benign,8,-1,22
<3271021.1075842277965.JavaMail.evans@thyme>,Benign,9,-1,59
<32803392.1075858185981.JavaMail.evans@thyme>,Benign,28,-1,48
<21198248.1075859025940.JavaMail.evans@thyme>,Benign,3,-1,42
<32358975.1075859454598.JavaMail.evans@thyme>,Benign,28,-1,48
<13666396.1075860469001.JavaMail.evans@thyme>,Benign,24,-1,36
<14045929.1075860475398.JavaMail.evans@thyme>,Benign,31,39,39
<1674291.1075859025917.JavaMail.evans@thyme>,Benign,28,-1,48
<14036816.1075857032356.JavaMail.evans@thyme>,Benign,2,-1,43
<24686519.1075857033746.JavaMail.evans@thyme>,Benign,8,-1,10
<25790040.1075851581305.JavaMail.evans@thyme>,Benign,7,-1,18
<6840719.1075851750391.JavaMail.evans@thyme>,Benign,8,-1,10
<14733331.1075846762387.JavaMail.evans@thyme>,Benign,9,-1,47
<28596077.1075856586934.JavaMail.evans@thyme>,Benign,3,-1,3
<15277120.1075855560310.JavaMail.evans@thyme>,Benign,17,-1,1
<20819622.1075862205545.JavaMail.evans@thyme>,Benign,28,-1,48
<16901242.1075862205476.JavaMail.evans@thyme>,Benign,7,-1,7
<22261696.1075842283728.JavaMail.evans@thyme>,Benign,9,-1,59
<27240695.1075840094692.JavaMail.evans@thyme>,Benign,17,45,9
<3486180.1075856593760.JavaMail.evans@thyme>,Benign,2,-1,43
<8539000.1075847146831.JavaMail.evans@thyme>,Benign,11,-1,64
<13726933.1075858683182.JavaMail.evans@thyme>,Benign,1,41,23
<5987109.1075858680251.JavaMail.evans@thyme>,Benign,3,-1,42
<1813066.1075842282583.JavaMail.evans@thyme>,Benign,3,-1,67
<19858954.1075842278837.JavaMail.evans@thyme>,Benign,25,-1,19
<2780133.1075856591126.JavaMail.evans@thyme>,Benign,2,-1,55
<13167574.1075840095535.JavaMail.evans@thyme>,Benign,17,45,9
<16021737.1075842278283.JavaMail.evans@thyme>,Benign,25,-1,61
<17805971.1075844985856.JavaMail.evans@thyme>,Benign,3,-1,38
<6300678.1075860469356.JavaMail.evans@thyme>,Benign,24,47,36
<3264077.1075847147559.JavaMail.evans@thyme>,Benign,11,-1,12
<20427077.1075847150543.JavaMail.evans@thyme>,Benign,39,38,60
<18556970.1075858187053.JavaMail.evans@thyme>,Benign,9,-1,47
<8606044.1075847147244.JavaMail.evans@thyme>,Benign,11,-1,64
<4853912.1075859026744.JavaMail.evans@thyme>,Benign,29,-1,10
<27941899.1075851979588.JavaMail.evans@thyme>,Benign,8,-1,22
<813251.1075839923554.JavaMail.evans@thyme>,Benign,7,-1,18
<32848045.1075847152100.JavaMail.evans@thyme>,Benign,3,-1,3
<19270640.1075859025727.JavaMail.evans@thyme>,Benign,7,-1,47
<5318566.1075859454721.JavaMail.evans@thyme>,Benign,38,-1,38
<4208140.1075855559961.JavaMail.evans@thyme>,Benign,41,-1,42
<16336633.1075840339308.JavaMail.evans@thyme>,Benign,9,-1,29
<28209430.1075855557736.JavaMail.evans@thyme>,Benign,31,39,39
<18783516.1075855557568.JavaMail.evans@thyme>,Benign,26,-1,57
<17316646.1075844221564.JavaMail.evans@thyme>,Benign,29,-1,42
<25435448.1075841530987.JavaMail.evans@thyme>,Benign,9,-1,68
<12053823.1075855548887.JavaMail.evans@thyme>,Benign,19,42,13
<20809870.1075842274056.JavaMail.evans@thyme>,Benign,25,-1,19
<13954185.1075859454871.JavaMail.evans@thyme>,Benign,7,-1,18
<30520680.1075855560569.JavaMail.evans@thyme>,Benign,41,-1,9
<23686462.1075858186607.JavaMail.evans@thyme>,Benign,8,-1,22
<31024567.1075856588465.JavaMail.evans@thyme>,Benign,25,-1,61
<32889962.1075841516344.JavaMail.evans@thyme>,Benign,28,-1,7
<27920217.1075841722278.JavaMail.evans@thyme>,Benign,31,39,39
<3639581.1075846755005.JavaMail.evans@thyme>,Benign,7,-1,18
<6839562.1075856586912.JavaMail.evans@thyme>,Benign,2,-1,61
<24461732.1075860474036.JavaMail.evans@thyme>,Benign,28,-1,37
<31218835.1075859026072.JavaMail.evans@thyme>,Benign,28,-1,37
<17079095.1075842274010.JavaMail.evans@thyme>,Benign,25,-1,61
<12650800.1075841513561.JavaMail.evans@thyme>,Benign,7,-1,3
<25340385.1075859027308.JavaMail.evans@thyme>,Benign,17,-1,22
<30059736.1075851980741.JavaMail.evans@thyme>,Benign,8,-1,22
<8674553.1075856592137.JavaMail.evans@thyme>,Benign,3,-1,29
<26314006.1075856589042.JavaMail.evans@thyme>,Benign,29,-1,42
<7922910.1075862206158.JavaMail.evans@thyme>,Benign,8,-1,22
<33543865.1075841514393.JavaMail.evans@thyme>,Benign,3,-1,48
<25305246.1075860475161.JavaMail.evans@thyme>,Benign,8,-1,9
<23968723.1075857033151.JavaMail.evans@thyme>,Benign,9,-1,68
<13161948.1075856591060.JavaMail.evans@thyme>,Benign,2,-1,43
<29501204.1075855560223.JavaMail.evans@thyme>,Benign,17,-1,1
<18247415.1075858711946.JavaMail.evans@thyme>,Benign,29,-1,9
<20093148.1075855556633.JavaMail.evans@thyme>,Benign,3,-1,62
<5525185.1075839925345.JavaMail.evans@thyme>,Benign,7,-1,47
<2424812.1075853346672.JavaMail.evans@thyme>,Benign,3,-1,67
<1728077.1075858680704.JavaMail.evans@thyme>,Benign,8,-1,22
<30678134.1075862203418.JavaMail.evans@thyme>,Benign,7,-1,7
<14076479.1075858676931.JavaMail.evans@thyme>,Benign,7,-1,68
<22423352.1075856641803.JavaMail.evans@thyme>,Benign,2,-1,10
<14944057.1075860791868.JavaMail.evans@thyme>,Benign,3,-1,42
<31414273.1075841515835.JavaMail.evans@thyme>,Benign,3,-1,38
<15915009.1075860468702.JavaMail.evans@thyme>,Benign,24,47,36
<14334304.1075860472199.JavaMail.evans@thyme>,Benign,24,-1,36
<31933789.1075842281719.JavaMail.evans@thyme>,Benign,25,-1,19
<566507.1075862204806.JavaMail.evans@thyme>,Benign,3,-1,7
<26139805.1075862202852.JavaMail.evans@thyme>,Benign,3,-1,37
<24315912.1075856641989.JavaMail.evans@thyme>,Benign,9,-1,59
<2765729.1075844221515.JavaMail.evans@thyme>,Benign,8,-1,10
<13089001.1075860475343.JavaMail.evans@thyme>,Benign,8,-1,22
<10787474.1075841506439.JavaMail.evans@thyme>,Benign,8,-1,22
<24168068.1075856591370.JavaMail.evans@thyme>,Benign,25,-1,19
<5667544.1075862095760.JavaMail.evans@thyme>,Benign,2,-1,55
<3530764.1075841504505.JavaMail.evans@thyme>,Benign,38,-1,22
<2769194.1075857032987.JavaMail.evans@thyme>,Benign,7,-1,7
<18315171.1075855555842.JavaMail.evans@thyme>,Benign,19,-1,13
<13944363.1075842274880.JavaMail.evans@thyme>,Benign,25,-1,61
<31845350.1075847148682.JavaMail.evans@thyme>,Benign,11,-1,64
<8537150.1075842274123.JavaMail.evans@thyme>,Benign,25,-1,61
<11706955.1075860477330.JavaMail.evans@thyme>,Benign,2,-1,55
<12289233.1075857033338.JavaMail.evans@thyme>,Benign,2,-1,55
<8897678.1075847148542.JavaMail.evans@thyme>,Benign,39,38,60
<12374008.1075847151900.JavaMail.evans@thyme>,Benign,31,-1,60
<10991353.1075855554809.JavaMail.evans@thyme>,Benign,26,-1,57
<20595238.1075856591912.JavaMail.evans@thyme>,Benign,29,-1,42
<1914078.1075842276039.JavaMail.evans@thyme>,Benign,25,-1,19
<8138106.1075859457247.JavaMail.evans@thyme>,Benign,28,-1,37
<4467956.1075847145555.JavaMail.evans@thyme>,Benign,29,-1,60
<21496229.1075853658846.JavaMail.evans@thyme>,Benign,2,-1,19
<1527771.1075858676397.JavaMail.evans@thyme>,Benign,3,-1,61
<4394162.1075841507201.JavaMail.evans@thyme>,Benign,22,-1,66
<30142661.1075859455144.JavaMail.evans@thyme>,Benign,1,46,23
<31051787.1075860479508.JavaMail.evans@thyme>,Benign,3,-1,67
<9473451.1075860475981.JavaMail.evans@thyme>,Benign,38,-1,61
<31727152.1075862414292.JavaMail.evans@thyme>,Benign,7,-1,57
<11142539.1075860477484.JavaMail.evans@thyme>,Benign,3,-1,38
<10185382.1075847147404.JavaMail.evans@thyme>,Benign,11,-1,12
<2834383.1075858678111.JavaMail.evans@thyme>,Benign,3,-1,38
<11913778.1075863702458.JavaMail.evans@thyme>,Benign,2,-1,10
<4217563.1075840996019.JavaMail.evans@thyme>,Benign,28,-1,48
<32401660.1075841501513.JavaMail.evans@thyme>,Benign,38,-1,38
<27703086.1075859337804.JavaMail.evans@thyme>,Benign,3,-1,29
<8488403.1075842275679.JavaMail.evans@thyme>,Benign,2,-1,19
<18465499.1075851980774.JavaMail.evans@thyme>,Benign,31,39,39
<21023140.1075860474544.JavaMail.evans@thyme>,Benign,8,-1,22
<22131497.1075856589815.JavaMail.evans@thyme>,Benign,9,-1,68
<746582.1075859026278.JavaMail.evans@thyme>,Benign,29,-1,10
<22717301.1075860477668.JavaMail.evans@thyme>,Benign,3,-1,38
<27579771.1075855558399.JavaMail.evans@thyme>,Benign,17,-1,1
<29487132.1075841513778.JavaMail.evans@thyme>,Benign,29,-1,62
<24877020.1075847150160.JavaMail.evans@thyme>,Benign,11,-1,64
<22946704.1075855554530.JavaMail.evans@thyme>,Benign,19,-1,13
<21266293.1075862204487.JavaMail.evans@thyme>,Benign,38,-1,38
<18732540.1075841507407.JavaMail.evans@thyme>,Benign,7,-1,62
<29610373.1075841723975.JavaMail.evans@thyme>,Benign,3,-1,7
<29611170.1075858679385.JavaMail.evans@thyme>,Benign,3,-1,3
<943848.1075842285755.JavaMail.evans@thyme>,Benign,3,-1,61
<7728919.1075842275880.JavaMail.evans@thyme>,Benign,29,-1,37
<9155104.1075855554644.JavaMail.evans@thyme>,Benign,17,-1,9
<10909258.1075858681125.JavaMail.evans@thyme>,Benign,4,-1,7
<22770501.1075846758407.JavaMail.evans@thyme>,Benign,3,-1,67
<2718912.1075842280687.JavaMail.evans@thyme>,Benign,3,-1,19
<12191952.1075851980250.JavaMail.evans@thyme>,Benign,8,-1,22
<17526228.1075855547636.JavaMail.evans@thyme>,Benign,38,-1,38
<3308063.1075859457637.JavaMail.evans@thyme>,Benign,1,-1,23
<12161059.1075858999447.JavaMail.evans@thyme>,Benign,9,-1,7
<24272411.1075846751740.JavaMail.evans@thyme>,Benign,3,-1,18
<22054573.1075855558735.JavaMail.evans@thyme>,Benign,19,-1,13
<2768601.1075860469687.JavaMail.evans@thyme>,Benign,24,-1,36
<30685957.1075855583881.JavaMail.evans@thyme>,Benign,2,-1,29
<15486387.1075858678774.JavaMail.evans@thyme>,Benign,17,-1,9
<30437927.1075842273691.JavaMail.evans@thyme>,Benign,3,-1,7
<8969523.1075842284750.JavaMail.evans@thyme>,Benign,9,-1,61
<32647717.1075842272753.JavaMail.evans@thyme>,Benign,25,-1,61
<16275078.1075855583739.JavaMail.evans@thyme>,Benign,41,-1,9
<26601592.1075855556454.JavaMail.evans@thyme>,Benign,17,-1,9
<8877361.1075860474360.JavaMail.evans@thyme>,Benign,28,-1,37
<29170303.1075860477352.JavaMail.evans@thyme>,Benign,2,-1,7
<8008285.1075847149412.JavaMail.evans@thyme>,Benign,11,-1,59
<28507308.1075842284821.JavaMail.evans@thyme>,Benign,9,-1,59
<10644507.1075854682600.JavaMail.evans@thyme>,Benign,7,-1,47
<31864451.1075842280531.JavaMail.evans@thyme>,Benign,25,-1,19
<13442317.1075858677922.JavaMail.evans@thyme>,Benign,3,-1,7
<16075479.1075842281505.JavaMail.evans@thyme>,Benign,29,-1,42
<2936304.1075841724926.JavaMail.evans@thyme>,Benign,3,-1,3
<7052020.1075842272185.JavaMail.evans@thyme>,Benign,25,-1,19
<27998819.1075846668976.JavaMail.evans@thyme>,Benign,3,-1,3
<22190422.1075847147268.JavaMail.evans@thyme>,Benign,11,-1,64
<2401493.1075855583594.JavaMail.evans@thyme>,Benign,31,39,39
<13620810.1075842278147.JavaMail.evans@thyme>,Benign,3,-1,19
<16360726.1075842286141.JavaMail.evans@thyme>,Benign,2,-1,19
<33432872.1075844985715.JavaMail.evans@thyme>,Benign,28,-1,62
<29932841.1075842277333.JavaMail.evans@thyme>,Benign,2,-1,19
<25339625.1075844220807.JavaMail.evans@thyme>,Benign,31,39,39
<6939777.1075847147360.JavaMail.evans@thyme>,Benign,25,-1,68
<3436937.1075855413386.JavaMail.evans@thyme>,Benign,3,-1,36
<30413667.1075841723485.JavaMail.evans@thyme>,Benign,31,39,39
<6482073.1075842280165.JavaMail.evans@thyme>,Benign,25,-1,19
<6565545.1075853658868.JavaMail.evans@thyme>,Benign,2,-1,19
<29395668.1075853923002.JavaMail.evans@thyme>,Benign,38,-1,38
<32484836.1075844985509.JavaMail.evans@thyme>,Benign,3,-1,3
<25381786.1075862204829.JavaMail.evans@thyme>,Benign,3,-1,3
<24476650.1075858677500.JavaMail.evans@thyme>,Benign,28,-1,48
<16263482.1075858697135.JavaMail.evans@thyme>,Benign,8,-1,22
<28984138.1075842275246.JavaMail.evans@thyme>,Benign,25,-1,61
<28001829.1075858677875.JavaMail.evans@thyme>,Benign,3,-1,42
<22419002.1075841510961.JavaMail.evans@thyme>,Benign,3,-1,7
<20271346.1075851750229.JavaMail.evans@thyme>,Benign,2,-1,19
<27054312.1075855548443.JavaMail.evans@thyme>,Benign,19,42,13
<32107341.1075858187075.JavaMail.evans@thyme>,Benign,9,-1,47
<18207567.1075841529522.JavaMail.evans@thyme>,Benign,22,-1,66
<7998763.1075842284319.JavaMail.evans@thyme>,Benign,3,-1,19
<30244635.1075856592450.JavaMail.evans@thyme>,Benign,7,-1,3
<13384404.1075855553397.JavaMail.evans@thyme>,Benign,31,39,39
<1796553.1075862415360.JavaMail.evans@thyme>,Benign,29,-1,42
<16430417.1075855548111.JavaMail.evans@thyme>,Benign,9,-1,11
<26180563.1075851539599.JavaMail.evans@thyme>,Benign,9,-1,59
<22075835.1075851581085.JavaMail.evans@thyme>,Benign,28,-1,48
<23508101.1075846765065.JavaMail.evans@thyme>,Benign,3,-1,67
<19111020.1075842280009.JavaMail.evans@thyme>,Benign,7,-1,55
<22663342.1075842281010.JavaMail.evans@thyme>,Benign,9,-1,59
<26559740.1075842280302.JavaMail.evans@thyme>,Benign,25,-1,61
<10812123.1075855555985.JavaMail.evans@thyme>,Benign,7,-1,48
<4049350.1075847147805.JavaMail.evans@thyme>,Benign,11,-1,64
<29150178.1075858909093.JavaMail.evans@thyme>,Benign,17,-1,29
<3808281.1075858676887.JavaMail.evans@thyme>,Benign,3,-1,3
<31163740.1075846760022.JavaMail.evans@thyme>,Benign,9,-1,29
<19063918.1075842285571.JavaMail.evans@thyme>,Benign,25,-1,19
<21877894.1075846678299.JavaMail.evans@thyme>,Benign,8,-1,10
<33072143.1075859027859.JavaMail.evans@thyme>,Benign,7,-1,1
<19997557.1075842282925.JavaMail.evans@thyme>,Benign,17,-1,1
<7123740.1075856593095.JavaMail.evans@thyme>,Benign,2,-1,29
<3517998.1075862204231.JavaMail.evans@thyme>,Benign,1,46,23
<14514143.1075841516202.JavaMail.evans@thyme>,Benign,2,-1,38
<15251378.1075862095509.JavaMail.evans@thyme>,Benign,8,-1,22
<17326589.1075855556828.JavaMail.evans@thyme>,Benign,17,-1,9
<22903374.1075862204784.JavaMail.evans@thyme>,Benign,38,-1,3
<12293043.1075846675766.JavaMail.evans@thyme>,Benign,29,-1,42
<26727445.1075844986545.JavaMail.evans@thyme>,Benign,3,-1,7
<4356988.1075860472608.JavaMail.evans@thyme>,Benign,28,-1,3
<11357685.1075857033408.JavaMail.evans@thyme>,Benign,8,-1,10
<20217261.1075841520777.JavaMail.evans@thyme>,Benign,38,-1,38
<11659185.1075845547919.JavaMail.evans@thyme>,Benign,2,-1,55
<28226928.1075858679599.JavaMail.evans@thyme>,Benign,29,-1,42
<30417727.1075842274213.JavaMail.evans@thyme>,Benign,25,-1,19
<3782910.1075858675863.JavaMail.evans@thyme>,Benign,17,-1,9
<16940567.1075845477830.JavaMail.evans@thyme>,Benign,31,-1,10
<5439292.1075860468678.JavaMail.evans@thyme>,Benign,24,47,36
<9122695.1075860791845.JavaMail.evans@thyme>,Benign,3,-1,22
<21090659.1075846658624.JavaMail.evans@thyme>,Benign,2,-1,55
<26174005.1075839925622.JavaMail.evans@thyme>,Benign,8,-1,67
<32186885.1075860468773.JavaMail.evans@thyme>,Benign,8,-1,10
<18586957.1075847149087.JavaMail.evans@thyme>,Benign,11,-1,64
<30292473.1075856641946.JavaMail.evans@thyme>,Benign,2,-1,55
<19476597.1075856592826.JavaMail.evans@thyme>,Benign,3,-1,29
<4732075.1075859024884.JavaMail.evans@thyme>,Benign,29,-1,42
<15017075.1075860478494.JavaMail.evans@thyme>,Benign,8,-1,22
<12940508.1075855554439.JavaMail.evans@thyme>,Benign,8,-1,10
<8453839.1075844986223.JavaMail.evans@thyme>,Benign,3,-1,29
<9628542.1075857033911.JavaMail.evans@thyme>,Benign,2,-1,43
<4458880.1075856593245.JavaMail.evans@thyme>,Benign,3,-1,38
<29849947.1075862415094.JavaMail.evans@thyme>,Benign,29,-1,60
<4038508.1075858678929.JavaMail.evans@thyme>,Benign,3,-1,3
<4065117.1075841510568.JavaMail.evans@thyme>,Benign,38,-1,38
<17071303.1075842277722.JavaMail.evans@thyme>,Benign,3,-1,59
<26485050.1075841511856.JavaMail.evans@thyme>,Benign,29,-1,42
<23074447.1075862332106.JavaMail.evans@thyme>,Benign,28,-1,7
<5539758.1075844985119.JavaMail.evans@thyme>,Benign,2,-1,29
<32224146.1075845227075.JavaMail.evans@thyme>,Benign,9,-1,68
<31206912.1075844985276.JavaMail.evans@thyme>,Benign,2,-1,29
<7573714.1075861016759.JavaMail.evans@thyme>,Benign,22,-1,66
<31332600.1075860478140.JavaMail.evans@thyme>,Benign,28,-1,67
<21649825.1075859455765.JavaMail.evans@thyme>,Benign,28,44,37
<29961367.1075844220127.JavaMail.evans@thyme>,Benign,29,-1,42
<29391666.1075860472224.JavaMail.evans@thyme>,Benign,24,-1,36
<868391.1075859455674.JavaMail.evans@thyme>,Benign,28,44,37
<17515312.1075846744206.JavaMail.evans@thyme>,Benign,3,-1,67
<5758315.1075847148990.JavaMail.evans@thyme>,Benign,11,-1,64
<20765755.1075842284138.JavaMail.evans@thyme>,Benign,25,-1,61
<18467107.1075860469468.JavaMail.evans@thyme>,Benign,24,-1,36
<28461486.1075842281237.JavaMail.evans@thyme>,Benign,25,-1,61
<11195350.1075859025412.JavaMail.evans@thyme>,Benign,38,-1,38
<24942614.1075851980997.JavaMail.evans@thyme>,Benign,8,-1,22
<18262828.1075847147314.JavaMail.evans@thyme>,Benign,8,-1,10
<27984404.1075840777763.JavaMail.evans@thyme>,Benign,3,-1,3
<20700071.1075855550280.JavaMail.evans@thyme>,Benign,41,-1,9
<9625720.1075846756550.JavaMail.evans@thyme>,Benign,7,-1,42
<28175024.1075863264531.JavaMail.evans@thyme>,Benign,29,-1,42
<23669520.1075847148031.JavaMail.evans@thyme>,Benign,11,-1,12
<2208958.1075853922901.JavaMail.evans@thyme>,Benign,3,-1,67
<2308921.1075850644135.JavaMail.evans@thyme>,Benign,8,-1,22
<29332835.1075856589601.JavaMail.evans@thyme>,Benign,29,-1,42
<27439880.1075857033933.JavaMail.evans@thyme>,Benign,29,-1,42
<25658650.1075842279368.JavaMail.evans@thyme>,Benign,25,-1,55
<27864016.1075841724499.JavaMail.evans@thyme>,Benign,25,-1,19
<5282309.1075840878127.JavaMail.evans@thyme>,Benign,3,-1,3
<17698485.1075840094720.JavaMail.evans@thyme>,Benign,17,45,9
<3422929.1075841531459.JavaMail.evans@thyme>,Benign,29,-1,62
<26833156.1075856593030.JavaMail.evans@thyme>,Benign,38,-1,38
<27997029.1075862095600.JavaMail.evans@thyme>,Benign,2,-1,55
<2920195.1075847147939.JavaMail.evans@thyme>,Benign,11,-1,64
<1530671.1075859026468.JavaMail.evans@thyme>,Benign,7,-1,48
<22112044.1075855556008.JavaMail.evans@thyme>,Benign,7,-1,47
<28434040.1075846660385.JavaMail.evans@thyme>,Benign,7,-1,47
<19837975.1075852175785.JavaMail.evans@thyme>,Benign,7,-1,7
<5657480.1075841525337.JavaMail.evans@thyme>,Benign,22,-1,66
<30810191.1075847144861.JavaMail.evans@thyme>,Benign,29,43,60
<18013779.1075859456605.JavaMail.evans@thyme>,Benign,3,-1,3
<8339201.1075858186028.JavaMail.evans@thyme>,Benign,2,-1,55
<2941974.1075855556611.JavaMail.evans@thyme>,Benign,41,-1,9
<17257099.1075844986014.JavaMail.evans@thyme>,Benign,8,-1,22
<10077397.1075859026988.JavaMail.evans@thyme>,Benign,6,-1,0
<21894328.1075860468511.JavaMail.evans@thyme>,Benign,3,-1,36
<31157129.1075841722731.JavaMail.evans@thyme>,Benign,31,39,39
<18809865.1075860474382.JavaMail.evans@thyme>,Benign,29,-1,42
<25952890.1075855552033.JavaMail.evans@thyme>,Benign,17,-1,1
<12128826.1075860472629.JavaMail.evans@thyme>,Benign,7,-1,18
<25315805.1075842284561.JavaMail.evans@thyme>,Benign,8,-1,19
<12735924.1075841518050.JavaMail.evans@thyme>,Benign,38,-1,38
<29574853.1075841513896.JavaMail.evans@thyme>,Benign,3,-1,23
<23427820.1075858678651.JavaMail.evans@thyme>,Benign,3,-1,3
<30256997.1075860475839.JavaMail.evans@thyme>,Benign,28,-1,37
<18041844.1075858680896.JavaMail.evans@thyme>,Benign,17,-1,9
<15856685.1075860478984.JavaMail.evans@thyme>,Benign,9,-1,47
<27820773.1075858999289.JavaMail.evans@thyme>,Benign,29,-1,37
<18770405.1075842274903.JavaMail.evans@thyme>,Benign,7,-1,3
<995340.1075847149064.JavaMail.evans@thyme>,Benign,11,-1,12
<10487570.1075858681148.JavaMail.evans@thyme>,Benign,4,-1,7
<14138329.1075855554486.JavaMail.evans@thyme>,Benign,7,-1,18
<25950335.1075863625513.JavaMail.evans@thyme>,Benign,8,-1,10
<4456608.1075857033269.JavaMail.evans@thyme>,Benign,3,-1,3
<21330456.1075856593671.JavaMail.evans@thyme>,Benign,2,-1,43
<11426571.1075841530238.JavaMail.evans@thyme>,Benign,9,-1,7
<26809378.1075847149204.JavaMail.evans@thyme>,Benign,11,-1,64
<16636347.1075858676818.JavaMail.evans@thyme>,Benign,7,-1,3
<32770627.1075856589487.JavaMail.evans@thyme>,Benign,3,-1,29
<31098459.1075860477169.JavaMail.evans@thyme>,Benign,3,-1,67
<7282027.1075858677970.JavaMail.evans@thyme>,Benign,3,-1,29
<236386.1075855438145.JavaMail.evans@thyme>,Benign,31,39,39
<32204237.1075851979893.JavaMail.evans@thyme>,Benign,8,-1,22
<9656335.1075856589556.JavaMail.evans@thyme>,Benign,8,-1,22
<18705000.1075847465760.JavaMail.evans@thyme>,Benign,8,-1,10
<15335471.1075856641667.JavaMail.evans@thyme>,Benign,2,-1,55
<27273188.1075859456696.JavaMail.evans@thyme>,Benign,3,-1,38
<10029855.1075841724476.JavaMail.evans@thyme>,Benign,29,-1,42
<100853.1075855556804.JavaMail.evans@thyme>,Benign,17,-1,9
<2901406.1075859455169.JavaMail.evans@thyme>,Benign,38,-1,38
<29091173.1075858683153.JavaMail.evans@thyme>,Benign,1,41,23
<4319834.1075842275018.JavaMail.evans@thyme>,Benign,25,-1,61
<9198511.1075847466360.JavaMail.evans@thyme>,Benign,11,-1,64
<7690110.1075841513872.JavaMail.evans@thyme>,Benign,7,-1,47
<6267260.1075842280142.JavaMail.evans@thyme>,Benign,9,-1,48
<27844999.1075858675931.JavaMail.evans@thyme>,Benign,8,-1,22
<7938887.1075862204676.JavaMail.evans@thyme>,Benign,8,-1,22
<3747549.1075855549846.JavaMail.evans@thyme>,Benign,41,-1,9
<1394039.1075844220032.JavaMail.evans@thyme>,Benign,29,-1,42
<13193064.1075856591868.JavaMail.evans@thyme>,Benign,9,-1,62
<27323823.1075856591644.JavaMail.evans@thyme>,Benign,3,-1,67
<15815433.1075862204099.JavaMail.evans@thyme>,Benign,7,-1,57
<26542765.1075844985898.JavaMail.evans@thyme>,Benign,31,39,39
<32518079.1075844221924.JavaMail.evans@thyme>,Benign,8,-1,42
<16424352.1075856591282.JavaMail.evans@thyme>,Benign,2,-1,55
<5757928.1075846675291.JavaMail.evans@thyme>,Benign,2,-1,19
<13113410.1075845478062.JavaMail.evans@thyme>,Benign,3,-1,29
<6814526.1075847149135.JavaMail.evans@thyme>,Benign,39,38,60
<12459635.1075854682551.JavaMail.evans@thyme>,Benign,29,-1,37
<22861144.1075842277017.JavaMail.evans@thyme>,Benign,2,-1,61
<20716419.1075842275110.JavaMail.evans@thyme>,Benign,8,-1,61
<33110064.1075855413482.JavaMail.evans@thyme>,Benign,3,-1,22
<31370297.1075842279510.JavaMail.evans@thyme>,Benign,28,-1,62
<13708349.1075842276181.JavaMail.evans@thyme>,Benign,25,-1,19
<14200769.1075855551655.JavaMail.evans@thyme>,Benign,31,39,39
<7812113.1075858187138.JavaMail.evans@thyme>,Benign,9,-1,47
<24350126.1075860477646.JavaMail.evans@thyme>,Benign,8,-1,67
<11528571.1075841723024.JavaMail.evans@thyme>,Benign,31,39,39
<32858635.1075856587366.JavaMail.evans@thyme>,Benign,2,-1,43
<19844660.1075855552869.JavaMail.evans@thyme>,Benign,19,-1,13
<16367245.1075862206181.JavaMail.evans@thyme>,Benign,7,-1,7
<32106428.1075851981043.JavaMail.evans@thyme>,Benign,3,-1,66
<8450644.1075856593716.JavaMail.evans@thyme>,Benign,29,-1,42
<9749142.1075855560042.JavaMail.evans@thyme>,Benign,40,40,4
<23406538.1075859026444.JavaMail.evans@thyme>,Benign,8,-1,10
<27459921.1075855561120.JavaMail.evans@thyme>,Benign,41,-1,9
<18638084.1075856641315.JavaMail.evans@thyme>,Benign,2,-1,43
<24430988.1075851980527.JavaMail.evans@thyme>,Benign,29,-1,37
<21186523.1075845297762.JavaMail.evans@thyme>,Benign,7,-1,7
<21626371.1075844220680.JavaMail.evans@thyme>,Benign,31,39,39
<31515594.1075842284274.JavaMail.evans@thyme>,Benign,9,-1,59
<32049526.1075855547342.JavaMail.evans@thyme>,Benign,9,-1,47
<22032746.1075844985252.JavaMail.evans@thyme>,Benign,3,-1,3
<15633541.1075862415189.JavaMail.evans@thyme>,Benign,2,-1,55
<11246656.1075842273806.JavaMail.evans@thyme>,Benign,25,-1,61
<1216792.1075858186403.JavaMail.evans@thyme>,Benign,31,39,39
<22512372.1075862414184.JavaMail.evans@thyme>,Benign,17,-1,1
<10276732.1075841521607.JavaMail.evans@thyme>,Benign,22,-1,66
<3584545.1075857080228.JavaMail.evans@thyme>,Benign,2,-1,55
<9260490.1075860473968.JavaMail.evans@thyme>,Benign,3,-1,19
<7614884.1075862095532.JavaMail.evans@thyme>,Benign,28,-1,48
<14354342.1075842282287.JavaMail.evans@thyme>,Benign,9,-1,59
<10233238.1075856641532.JavaMail.evans@thyme>,Benign,2,-1,10
<23579144.1075841503519.JavaMail.evans@thyme>,Benign,2,-1,19
<5708429.1075844985019.JavaMail.evans@thyme>,Benign,2,-1,38
<21879001.1075842283000.JavaMail.evans@thyme>,Benign,8,-1,22
<33039490.1075853346649.JavaMail.evans@thyme>,Benign,2,-1,67
<14888627.1075847147057.JavaMail.evans@thyme>,Benign,11,-1,64
<1288437.1075855560768.JavaMail.evans@thyme>,Benign,26,-1,57
<30613332.1075863264508.JavaMail.evans@thyme>,Benign,17,-1,1
<29812247.1075842277834.JavaMail.evans@thyme>,Benign,9,-1,61
<10228566.1075858999423.JavaMail.evans@thyme>,Benign,7,-1,47
<5287790.1075844984078.JavaMail.evans@thyme>,Benign,8,-1,10
<15001282.1075851981020.JavaMail.evans@thyme>,Benign,3,-1,67
<24285668.1075847464917.JavaMail.evans@thyme>,Benign,2,-1,61
<27406492.1075844986828.JavaMail.evans@thyme>,Benign,3,-1,67
<947391.1075855558850.JavaMail.evans@thyme>,Benign,26,-1,57
<5738327.1075842273182.JavaMail.evans@thyme>,Benign,8,-1,22
<14068098.1075855413219.JavaMail.evans@thyme>,Benign,31,-1,39
<32351784.1075841507295.JavaMail.evans@thyme>,Benign,29,-1,42
<17468087.1075846666772.JavaMail.evans@thyme>,Benign,8,-1,9
<13109325.1075841724451.JavaMail.evans@thyme>,Benign,31,39,39
<14635167.1075841524640.JavaMail.evans@thyme>,Benign,28,-1,48
<10780935.1075853343605.JavaMail.evans@thyme>,Benign,7,-1,47
<8118165.1075842273366.JavaMail.evans@thyme>,Benign,9,-1,47
<14475155.1075855560593.JavaMail.evans@thyme>,Benign,41,-1,1
<23337730.1075856592649.JavaMail.evans@thyme>,Benign,2,-1,55
<28336320.1075842286075.JavaMail.evans@thyme>,Benign,25,-1,19
<25846916.1075858677898.JavaMail.evans@thyme>,Benign,28,-1,48
<16168079.1075842284341.JavaMail.evans@thyme>,Benign,3,-1,3
<20371346.1075857032199.JavaMail.evans@thyme>,Benign,2,-1,43
<6784348.1075844220078.JavaMail.evans@thyme>,Benign,2,-1,67
<17043513.1075847465275.JavaMail.evans@thyme>,Benign,11,-1,64
<7248640.1075842274744.JavaMail.evans@thyme>,Benign,25,-1,19
<30114857.1075841724155.JavaMail.evans@thyme>,Benign,3,-1,3
<14378823.1075847150664.JavaMail.evans@thyme>,Benign,39,38,60
<5059965.1075847465974.JavaMail.evans@thyme>,Benign,29,43,60
<11834489.1075858682163.JavaMail.evans@thyme>,Benign,3,-1,3
<25815667.1075855547899.JavaMail.evans@thyme>,Benign,17,-1,9
<6106925.1075860479030.JavaMail.evans@thyme>,Benign,3,-1,10
<17310981.1075841527819.JavaMail.evans@thyme>,Benign,29,-1,42
<2266974.1075860478295.JavaMail.evans@thyme>,Benign,8,-1,67
<4743889.1075860953631.JavaMail.evans@thyme>,Benign,3,-1,7
<19022419.1075855929689.JavaMail.evans@thyme>,Benign,8,-1,10
<18910701.1075860478025.JavaMail.evans@thyme>,Benign,8,-1,10
<5348831.1075856593200.JavaMail.evans@thyme>,Benign,2,-1,55
<23992229.1075847150945.JavaMail.evans@thyme>,Benign,39,38,60
<14416840.1075860953674.JavaMail.evans@thyme>,Benign,3,-1,7
<10727640.1075847150998.JavaMail.evans@thyme>,Benign,39,38,60
<10864119.1075857032917.JavaMail.evans@thyme>,Benign,2,-1,55
<5513648.1075857033221.JavaMail.evans@thyme>,Benign,2,-1,43
<28955982.1075847145277.JavaMail.evans@thyme>,Benign,11,-1,12
<9142894.1075858679047.JavaMail.evans@thyme>,Benign,28,-1,48
<27826008.1075844220595.JavaMail.evans@thyme>,Benign,29,-1,42
<19033990.1075852884114.JavaMail.evans@thyme>,Benign,28,-1,48
<9445859.1075840095212.JavaMail.evans@thyme>,Benign,17,45,9
<27961760.1075847145043.JavaMail.evans@thyme>,Benign,11,-1,64
<30659081.1075855549501.JavaMail.evans@thyme>,Benign,22,-1,66
<8374399.1075846675902.JavaMail.evans@thyme>,Benign,3,-1,67
<28444834.1075858680591.JavaMail.evans@thyme>,Benign,38,-1,38
<29856725.1075844220879.JavaMail.evans@thyme>,Benign,31,39,39
<23569035.1075858682325.JavaMail.evans@thyme>,Benign,28,-1,48
<4883388.1075842285324.JavaMail.evans@thyme>,Benign,2,-1,19
<11665455.1075839923718.JavaMail.evans@thyme>,Benign,29,-1,42
<26827178.1075855560845.JavaMail.evans@thyme>,Benign,7,-1,66
<10241598.1075844220844.JavaMail.evans@thyme>,Benign,31,39,39
<25890514.1075842284297.JavaMail.evans@thyme>,Benign,28,-1,59
<4416322.1075855929635.JavaMail.evans@thyme>,Benign,2,-1,67
<23379609.1075861017113.JavaMail.evans@thyme>,Benign,7,-1,3
<12356487.1075857032719.JavaMail.evans@thyme>,Benign,3,-1,62
<28597724.1075840095294.JavaMail.evans@thyme>,Benign,17,45,9
<16641499.1075840878175.JavaMail.evans@thyme>,Benign,2,-1,19
<32470751.1075842283907.JavaMail.evans@thyme>,Benign,7,-1,18
<8700492.1075844221900.JavaMail.evans@thyme>,Benign,8,-1,42
<12099894.1075842285436.JavaMail.evans@thyme>,Benign,9,-1,68
<11922910.1075855560709.JavaMail.evans@thyme>,Benign,19,-1,13
<6952976.1075859455584.JavaMail.evans@thyme>,Benign,3,-1,7
<8063162.1075842281741.JavaMail.evans@thyme>,Benign,2,-1,61
<30611165.1075851581328.JavaMail.evans@thyme>,Benign,3,-1,18
<17732118.1075847149182.JavaMail.evans@thyme>,Benign,39,38,60
<3140739.1075844984054.JavaMail.evans@thyme>,Benign,3,-1,3
<1774145.1075842272253.JavaMail.evans@thyme>,Benign,7,-1,11
<16073185.1075859454924.JavaMail.evans@thyme>,Benign,3,-1,42
<27748975.1075855554162.JavaMail.evans@thyme>,Benign,41,-1,9
<23655444.1075860475512.JavaMail.evans@thyme>,Benign,3,-1,22
<27566749.1075862205350.JavaMail.evans@thyme>,Benign,25,-1,61
<18455892.1075856641406.JavaMail.evans@thyme>,Benign,2,-1,55
<17905301.1075845227165.JavaMail.evans@thyme>,Benign,3,-1,67
<583631.1075851750275.JavaMail.evans@thyme>,Benign,2,-1,19
<3406912.1075855558907.JavaMail.evans@thyme>,Benign,28,-1,38
<32401067.1075842276227.JavaMail.evans@thyme>,Benign,9,-1,7
<16301681.1075862415247.JavaMail.evans@thyme>,Benign,7,-1,68
<18213554.1075847146085.JavaMail.evans@thyme>,Benign,11,-1,12
<29615979.1075842281650.JavaMail.evans@thyme>,Benign,2,-1,48
<22623664.1075842276904.JavaMail.evans@thyme>,Benign,2,-1,61
<28611338.1075841528838.JavaMail.evans@thyme>,Benign,29,-1,42
<11684325.1075855413603.JavaMail.evans@thyme>,Benign,8,-1,3
<31028292.1075856593535.JavaMail.evans@thyme>,Benign,2,-1,55
<13993396.1075847145948.JavaMail.evans@thyme>,Benign,11,-1,64
<32045655.1075858679025.JavaMail.evans@thyme>,Benign,17,-1,22
<20558696.1075856593625.JavaMail.evans@thyme>,Benign,2,-1,43
<12071573.1075846665793.JavaMail.evans@thyme>,Benign,17,-1,9
<12714288.1075841516780.JavaMail.evans@thyme>,Benign,8,-1,10
<19499456.1075848342847.JavaMail.evans@thyme>,Benign,38,-1,38
<16376726.1075844220927.JavaMail.evans@thyme>,Benign,3,-1,3
<1356771.1075842280805.JavaMail.evans@thyme>,Benign,25,-1,61
<27620596.1075847465855.JavaMail.evans@thyme>,Benign,29,43,60
<4571586.1075858712026.JavaMail.evans@thyme>,Benign,8,-1,22
<30619969.1075856587233.JavaMail.evans@thyme>,Benign,8,-1,10
<24945590.1075847151658.JavaMail.evans@thyme>,Benign,29,38,60
<21602977.1075858187203.JavaMail.evans@thyme>,Benign,9,-1,47
<2597371.1075862203672.JavaMail.evans@thyme>,Benign,8,-1,22
<5105815.1075842261306.JavaMail.evans@thyme>,Benign,8,-1,22
<23720281.1075862203041.JavaMail.evans@thyme>,Benign,7,-1,3
<29674503.1075857777964.JavaMail.evans@thyme>,Benign,2,-1,7
<16238795.1075842282855.JavaMail.evans@thyme>,Benign,2,-1,55
<7011987.1075844221188.JavaMail.evans@thyme>,Benign,8,-1,10
<12838960.1075856592936.JavaMail.evans@thyme>,Benign,3,-1,67
<2960433.1075842286052.JavaMail.evans@thyme>,Benign,3,-1,19
<32675601.1075845512926.JavaMail.evans@thyme>,Benign,7,-1,18
<23258950.1075853346308.JavaMail.evans@thyme>,Benign,9,-1,59
<29833676.1075843949176.JavaMail.evans@thyme>,Benign,8,-1,10
<17610955.1075857033360.JavaMail.evans@thyme>,Benign,2,-1,7
<2116852.1075847150256.JavaMail.evans@thyme>,Benign,39,38,60
<32567274.1075847151308.JavaMail.evans@thyme>,Benign,29,-1,42
<6972732.1075861168335.JavaMail.evans@thyme>,Benign,2,-1,55
<30135813.1075855551603.JavaMail.evans@thyme>,Benign,41,-1,9
<30353837.1075856641270.JavaMail.evans@thyme>,Benign,2,-1,55
<17354299.1075855553017.JavaMail.evans@thyme>,Benign,40,40,4
<3879556.1075855556146.JavaMail.evans@thyme>,Benign,3,-1,42
<8878769.1075859026768.JavaMail.evans@thyme>,Benign,38,-1,38
<1408579.1075840777788.JavaMail.evans@thyme>,Benign,2,-1,43
<13587630.1075855815493.JavaMail.evans@thyme>,Benign,3,-1,3
<3526350.1075846671222.JavaMail.evans@thyme>,Benign,7,-1,47
<15585049.1075860469517.JavaMail.evans@thyme>,Benign,24,47,36
<2935719.1075856589971.JavaMail.evans@thyme>,Benign,2,-1,55
<6176132.1075858683044.JavaMail.evans@thyme>,Benign,1,41,23
<14016938.1075842277538.JavaMail.evans@thyme>,Benign,9,-1,47
<27987834.1075860479325.JavaMail.evans@thyme>,Benign,8,-1,22
<24771042.1075842277700.JavaMail.evans@thyme>,Benign,9,-1,59
<32754290.1075842276136.JavaMail.evans@thyme>,Benign,28,-1,37
<7985247.1075860791655.JavaMail.evans@thyme>,Benign,8,-1,22
<30593327.1075842282673.JavaMail.evans@thyme>,Benign,29,-1,37
<252411.1075855560121.JavaMail.evans@thyme>,Benign,26,-1,57
<8931977.1075844986294.JavaMail.evans@thyme>,Benign,42,-1,69
<11525885.1075855929852.JavaMail.evans@thyme>,Benign,2,-1,29
<23304600.1075855560476.JavaMail.evans@thyme>,Benign,31,39,39
<25440316.1075860469740.JavaMail.evans@thyme>,Benign,28,-1,37
<30841043.1075841724131.JavaMail.evans@thyme>,Benign,31,39,39
<6501558.1075860469446.JavaMail.evans@thyme>,Benign,24,-1,36
<13190146.1075856587565.JavaMail.evans@thyme>,Benign,3,-1,29
<14987191.1075855558285.JavaMail.evans@thyme>,Benign,8,-1,38
<26870342.1075859026253.JavaMail.evans@thyme>,Benign,3,-1,55
<6877080.1075844220643.JavaMail.evans@thyme>,Benign,29,-1,42
<10403155.1075841513377.JavaMail.evans@thyme>,Benign,29,-1,42
<32591832.1075846741101.JavaMail.evans@thyme>,Benign,7,-1,1
<10411103.1075855556431.JavaMail.evans@thyme>,Benign,41,-1,9
<15500382.1075844219982.JavaMail.evans@thyme>,Benign,29,-1,42
<19472072.1075856592560.JavaMail.evans@thyme>,Benign,2,-1,3
<5623648.1075842277651.JavaMail.evans@thyme>,Benign,3,-1,38
<23536188.1075862331915.JavaMail.evans@thyme>,Benign,3,-1,7
<30991244.1075842283393.JavaMail.evans@thyme>,Benign,32,-1,11
<20580136.1075847148393.JavaMail.evans@thyme>,Benign,8,-1,10
<25872741.1075862205865.JavaMail.evans@thyme>,Benign,38,-1,38
<32781877.1075856592002.JavaMail.evans@thyme>,Benign,2,-1,43
<3676150.1075857033382.JavaMail.evans@thyme>,Benign,2,-1,43
<14455824.1075860474313.JavaMail.evans@thyme>,Benign,28,-1,67
<18062404.1075858679529.JavaMail.evans@thyme>,Benign,38,-1,38
<14114367.1075860476419.JavaMail.evans@thyme>,Benign,28,-1,68
<3972832.1075856642695.JavaMail.evans@thyme>,Benign,2,-1,43
<29350116.1075858697301.JavaMail.evans@thyme>,Benign,3,-1,3
<23146599.1075862203965.JavaMail.evans@thyme>,Benign,7,-1,7
<18002047.1075842278978.JavaMail.evans@thyme>,Benign,9,-1,61
<8540885.1075842279415.JavaMail.evans@thyme>,Benign,7,-1,18
<31458500.1075848281753.JavaMail.evans@thyme>,Benign,29,-1,42
<29326423.1075844220520.JavaMail.evans@thyme>,Benign,31,39,39
<2349027.1075844221375.JavaMail.evans@thyme>,Benign,29,-1,42
<26256356.1075846662550.JavaMail.evans@thyme>,Benign,17,-1,9
<1633851.1075855583531.JavaMail.evans@thyme>,Benign,2,-1,29
<5341107.1075858678366.JavaMail.evans@thyme>,Benign,3,-1,48
<14272594.1075855549934.JavaMail.evans@thyme>,Benign,41,-1,1
<33023347.1075855557655.JavaMail.evans@thyme>,Benign,38,-1,38
<5977712.1075847464114.JavaMail.evans@thyme>,Benign,29,-1,60
<24081055.1075856641902.JavaMail.evans@thyme>,Benign,2,-1,10
<22326589.1075847146152.JavaMail.evans@thyme>,Benign,11,-1,64
<22738401.1075855552765.JavaMail.evans@thyme>,Benign,7,-1,18
<16106560.1075840496414.JavaMail.evans@thyme>,Benign,2,-1,7
<26966539.1075855557829.JavaMail.evans@thyme>,Benign,41,-1,9
<5721814.1075851979942.JavaMail.evans@thyme>,Benign,8,-1,22
<16458563.1075846742907.JavaMail.evans@thyme>,Benign,7,-1,18
<10628380.1075842280423.JavaMail.evans@thyme>,Benign,25,-1,61
<14840364.1075846681876.JavaMail.evans@thyme>,Benign,7,-1,1
<7841785.1075839923460.JavaMail.evans@thyme>,Benign,9,-1,47
<18441065.1075844986367.JavaMail.evans@thyme>,Benign,42,-1,69
<22126810.1075862414906.JavaMail.evans@thyme>,Benign,38,-1,38
<2690732.1075862415141.JavaMail.evans@thyme>,Benign,29,-1,42
<31341273.1075862095690.JavaMail.evans@thyme>,Benign,2,-1,55
<9516602.1075860480009.JavaMail.evans@thyme>,Benign,3,-1,3
<6598495.1075862204204.JavaMail.evans@thyme>,Benign,1,46,23
<33281420.1075855559726.JavaMail.evans@thyme>,Benign,41,-1,60
<11423863.1075860730260.JavaMail.evans@thyme>,Benign,8,-1,42
<14053613.1075846663501.JavaMail.evans@thyme>,Benign,28,-1,48
<27769832.1075860476775.JavaMail.evans@thyme>,Benign,8,-1,22
<17010142.1075844984996.JavaMail.evans@thyme>,Benign,2,-1,18
<27294739.1075847150420.JavaMail.evans@thyme>,Benign,39,38,60
<13983715.1075855929570.JavaMail.evans@thyme>,Benign,2,-1,22
<3629970.1075856588766.JavaMail.evans@thyme>,Benign,2,-1,29
<17803263.1075840996068.JavaMail.evans@thyme>,Benign,8,-1,22
<12289865.1075855558424.JavaMail.evans@thyme>,Benign,17,-1,1
<24742742.1075856642057.JavaMail.evans@thyme>,Benign,2,-1,29
<23809071.1075856592272.JavaMail.evans@thyme>,Benign,3,-1,29
<26664033.1075841505602.JavaMail.evans@thyme>,Benign,38,-1,38
<3047024.1075858677946.JavaMail.evans@thyme>,Benign,38,-1,38
<10749096.1075856593470.JavaMail.evans@thyme>,Benign,2,-1,43
<7710532.1075840094515.JavaMail.evans@thyme>,Benign,7,-1,18
<21288279.1075842278587.JavaMail.evans@thyme>,Benign,8,-1,22
<18294820.1075847151330.JavaMail.evans@thyme>,Benign,11,-1,12
<2131194.1075856642961.JavaMail.evans@thyme>,Benign,2,-1,55
<2899600.1075846672222.JavaMail.evans@thyme>,Benign,25,-1,61
<18075531.1075862203278.JavaMail.evans@thyme>,Benign,28,-1,48
<13483324.1075855560868.JavaMail.evans@thyme>,Benign,22,-1,66
<23884378.1075860791678.JavaMail.evans@thyme>,Benign,7,-1,37
<14625950.1075856590337.JavaMail.evans@thyme>,Benign,29,-1,42
<13487149.1075842279778.JavaMail.evans@thyme>,Benign,25,-1,19
<2671199.1075847144973.JavaMail.evans@thyme>,Benign,29,43,60
<14052149.1075842277154.JavaMail.evans@thyme>,Benign,25,-1,19
<25833360.1075842285867.JavaMail.evans@thyme>,Benign,9,-1,59
<26340525.1075861017903.JavaMail.evans@thyme>,Benign,7,-1,47
<20488288.1075846668307.JavaMail.evans@thyme>,Benign,17,-1,9
<23202013.1075858676699.JavaMail.evans@thyme>,Benign,28,-1,48
<8633078.1075844220056.JavaMail.evans@thyme>,Benign,29,-1,60
<1198075.1075856587500.JavaMail.evans@thyme>,Benign,3,-1,29
<4115458.1075842274440.JavaMail.evans@thyme>,Benign,7,-1,1
<15619462.1075841501718.JavaMail.evans@thyme>,Benign,3,-1,61
<26723904.1075845478264.JavaMail.evans@thyme>,Benign,7,-1,47
<11670863.1075856641690.JavaMail.evans@thyme>,Benign,2,-1,55
<28594562.1075855553584.JavaMail.evans@thyme>,Benign,41,-1,42
<29108565.1075844986036.JavaMail.evans@thyme>,Benign,7,-1,62
<4175142.1075841518545.JavaMail.evans@thyme>,Benign,8,-1,29
<12896512.1075862204877.JavaMail.evans@thyme>,Benign,29,-1,42
<24394251.1075846662870.JavaMail.evans@thyme>,Benign,2,-1,7
<6093753.1075851539450.JavaMail.evans@thyme>,Benign,9,-1,59
<19106723.1075862414559.JavaMail.evans@thyme>,Benign,7,-1,18
<22512271.1075856642672.JavaMail.evans@thyme>,Benign,8,-1,22
<19422697.1075842282149.JavaMail.evans@thyme>,Benign,2,-1,19
<1189411.1075841528673.JavaMail.evans@thyme>,Benign,38,-1,38
<31259242.1075863676396.JavaMail.evans@thyme>,Benign,29,-1,42
<29218388.1075842272615.JavaMail.evans@thyme>,Benign,2,-1,19
<1003364.1075860473479.JavaMail.evans@thyme>,Benign,8,-1,22
<22489506.1075847150568.JavaMail.evans@thyme>,Benign,39,38,60
<19669919.1075856641338.JavaMail.evans@thyme>,Benign,8,-1,42
<15994335.1075841527601.JavaMail.evans@thyme>,Benign,7,-1,62
<29585233.1075859456276.JavaMail.evans@thyme>,Benign,9,-1,59
<14669919.1075842279823.JavaMail.evans@thyme>,Benign,2,-1,19
<17766236.1075847147080.JavaMail.evans@thyme>,Benign,11,-1,64
<15454398.1075842276294.JavaMail.evans@thyme>,Benign,3,-1,7
<18871951.1075847144905.JavaMail.evans@thyme>,Benign,11,-1,12
<29296700.1075863702436.JavaMail.evans@thyme>,Benign,38,-1,38
<2051765.1075857033612.JavaMail.evans@thyme>,Benign,3,-1,7
<2257231.1075855554064.JavaMail.evans@thyme>,Benign,41,-1,42
<12997946.1075851979845.JavaMail.evans@thyme>,Benign,29,-1,42
<1781473.1075860474821.JavaMail.evans@thyme>,Benign,17,-1,9
<12361429.1075859457336.JavaMail.evans@thyme>,Benign,3,-1,48
<16750665.1075846667204.JavaMail.evans@thyme>,Benign,3,-1,29
<17760854.1075847145668.JavaMail.evans@thyme>,Benign,11,-1,64
<17095875.1075858675831.JavaMail.evans@thyme>,Benign,38,-1,38
<32009717.1075853346443.JavaMail.evans@thyme>,Benign,3,-1,67
<15948520.1075855929524.JavaMail.evans@thyme>,Benign,2,-1,29
<16447446.1075840878222.JavaMail.evans@thyme>,Benign,29,-1,42
<7843486.1075842281873.JavaMail.evans@thyme>,Benign,3,-1,67
<12848540.1075842283956.JavaMail.evans@thyme>,Benign,3,-1,37
<19459826.1075851580918.JavaMail.evans@thyme>,Benign,9,-1,48
<9957060.1075842281829.JavaMail.evans@thyme>,Benign,9,-1,47
<17822019.1075847464696.JavaMail.evans@thyme>,Benign,8,-1,10
<26976573.1075860474174.JavaMail.evans@thyme>,Benign,3,-1,61
<14756686.1075842261329.JavaMail.evans@thyme>,Benign,3,-1,3
<24478395.1075860479486.JavaMail.evans@thyme>,Benign,3,-1,67
<16677995.1075841723264.JavaMail.evans@thyme>,Benign,2,-1,19
<27384861.1075842277677.JavaMail.evans@thyme>,Benign,3,-1,3
<27494521.1075842282697.JavaMail.evans@thyme>,Benign,9,-1,61
<33355138.1075841724200.JavaMail.evans@thyme>,Benign,3,-1,3
<5396834.1075844987057.JavaMail.evans@thyme>,Benign,8,-1,42
<30953764.1075860472247.JavaMail.evans@thyme>,Benign,24,-1,36
<21726401.1075862415225.JavaMail.evans@thyme>,Benign,7,-1,38
<29317505.1075847149299.JavaMail.evans@thyme>,Benign,8,-1,42
<14475381.1075841511968.JavaMail.evans@thyme>,Benign,3,-1,3
<5696263.1075860469334.JavaMail.evans@thyme>,Benign,24,47,36
<23876362.1075842281393.JavaMail.evans@thyme>,Benign,9,-1,67
<15242464.1075842275725.JavaMail.evans@thyme>,Benign,25,-1,61
<22437125.1075863606488.JavaMail.evans@thyme>,Benign,38,-1,38
<31513971.1075846676439.JavaMail.evans@thyme>,Benign,8,-1,22
<30158439.1075855558347.JavaMail.evans@thyme>,Benign,17,-1,9
<3806432.1075858187011.JavaMail.evans@thyme>,Benign,9,-1,47
<2315158.1075842278562.JavaMail.evans@thyme>,Benign,8,-1,22
<21049287.1075855553061.JavaMail.evans@thyme>,Benign,26,-1,57
<21779935.1075855550060.JavaMail.evans@thyme>,Benign,9,-1,48
<18127765.1075842276339.JavaMail.evans@thyme>,Benign,25,-1,19
<12980085.1075847149625.JavaMail.evans@thyme>,Benign,39,38,60
<9917575.1075860478809.JavaMail.evans@thyme>,Benign,8,-1,22
<22995637.1075858677620.JavaMail.evans@thyme>,Benign,3,-1,38
<7706571.1075858681762.JavaMail.evans@thyme>,Benign,7,-1,57
<27140490.1075856588811.JavaMail.evans@thyme>,Benign,2,-1,43
<31517530.1075856591734.JavaMail.evans@thyme>,Benign,29,-1,29
<1174236.1075841526004.JavaMail.evans@thyme>,Benign,28,-1,66
<27874538.1075860473739.JavaMail.evans@thyme>,Benign,29,-1,37
<28794907.1075860476685.JavaMail.evans@thyme>,Benign,28,-1,67
<9541088.1075845513040.JavaMail.evans@thyme>,Benign,17,-1,1
<10720398.1075855557116.JavaMail.evans@thyme>,Benign,17,-1,9
<23575283.1075842274325.JavaMail.evans@thyme>,Benign,8,-1,10
<1296738.1075856643287.JavaMail.evans@thyme>,Benign,8,-1,10
<29995351.1075856593404.JavaMail.evans@thyme>,Benign,8,-1,29
<30145676.1075859025678.JavaMail.evans@thyme>,Benign,28,-1,48
<18498210.1075841722412.JavaMail.evans@thyme>,Benign,31,39,39
<9277234.1075857032830.JavaMail.evans@thyme>,Benign,2,-1,67
<6516360.1075846679319.JavaMail.evans@thyme>,Benign,17,-1,22
<21559738.1075855555365.JavaMail.evans@thyme>,Benign,17,-1,9
<30665163.1075842276926.JavaMail.evans@thyme>,Benign,28,-1,59
<32087405.1075851980948.JavaMail.evans@thyme>,Benign,8,-1,22
<32558769.1075860473820.JavaMail.evans@thyme>,Benign,8,-1,22
<19867444.1075849628263.JavaMail.evans@thyme>,Benign,3,-1,67
<17033121.1075848342903.JavaMail.evans@thyme>,Benign,29,-1,42
<2273016.1075859456356.JavaMail.evans@thyme>,Benign,9,-1,7
<29198975.1075842278124.JavaMail.evans@thyme>,Benign,3,-1,19
<18783766.1075858679134.JavaMail.evans@thyme>,Benign,29,-1,42
<21812278.1075847146040.JavaMail.evans@thyme>,Benign,11,-1,64
<12348956.1075863676418.JavaMail.evans@thyme>,Benign,38,-1,38
<20031709.1075856593648.JavaMail.evans@thyme>,Benign,2,-1,43
<9592334.1075851539485.JavaMail.evans@thyme>,Benign,28,-1,48
<31469472.1075847151725.JavaMail.evans@thyme>,Benign,29,-1,60
<3287739.1075841500339.JavaMail.evans@thyme>,Benign,29,-1,62
<30586169.1075856592360.JavaMail.evans@thyme>,Benign,9,-1,29
<13000625.1075840095266.JavaMail.evans@thyme>,Benign,17,45,9
<29727786.1075856593582.JavaMail.evans@thyme>,Benign,2,-1,29
<17608124.1075841722455.JavaMail.evans@thyme>,Benign,31,39,39
<18747985.1075853346695.JavaMail.evans@thyme>,Benign,8,-1,10
<32595562.1075855549041.JavaMail.evans@thyme>,Benign,26,-1,57
<31986522.1075855501070.JavaMail.evans@thyme>,Benign,8,-1,10
<548125.1075848342781.JavaMail.evans@thyme>,Benign,7,-1,47
<18079042.1075859025351.JavaMail.evans@thyme>,Benign,7,-1,18
<26654075.1075858676746.JavaMail.evans@thyme>,Benign,7,-1,48
<24686788.1075855554969.JavaMail.evans@thyme>,Benign,19,42,13
<10474461.1075847149157.JavaMail.evans@thyme>,Benign,11,-1,64
<3743600.1075855556954.JavaMail.evans@thyme>,Benign,17,-1,9
<21867765.1075855560421.JavaMail.evans@thyme>,Benign,41,-1,42
<9895761.1075841529179.JavaMail.evans@thyme>,Benign,2,-1,61
<14415610.1075855560145.JavaMail.evans@thyme>,Benign,38,-1,38
<16457011.1075860479710.JavaMail.evans@thyme>,Benign,2,-1,3
<662160.1075856588172.JavaMail.evans@thyme>,Benign,2,-1,29
<24059852.1075842278011.JavaMail.evans@thyme>,Benign,3,-1,67
<13083311.1075858681241.JavaMail.evans@thyme>,Benign,29,-1,42
<27034182.1075855559983.JavaMail.evans@thyme>,Benign,41,-1,9
<1115920.1075840777837.JavaMail.evans@thyme>,Benign,8,-1,10
<28553715.1075858712053.JavaMail.evans@thyme>,Benign,29,-1,60
<1494721.1075847466262.JavaMail.evans@thyme>,Benign,29,43,60
<30230046.1075853346885.JavaMail.evans@thyme>,Benign,3,-1,62
<6870219.1075846681074.JavaMail.evans@thyme>,Benign,17,-1,9
<12569240.1075860479666.JavaMail.evans@thyme>,Benign,8,-1,67
<32624129.1075842285526.JavaMail.evans@thyme>,Benign,2,-1,19
<8916934.1075856587968.JavaMail.evans@thyme>,Benign,2,-1,55
<1159202.1075842273085.JavaMail.evans@thyme>,Benign,9,-1,59
<23922270.1075851981067.JavaMail.evans@thyme>,Benign,8,-1,10
<25818656.1075845478220.JavaMail.evans@thyme>,Benign,7,-1,47
<19214877.1075860476730.JavaMail.evans@thyme>,Benign,3,-1,67
<20430639.1075862095484.JavaMail.evans@thyme>,Benign,8,-1,22
<7729765.1075858677677.JavaMail.evans@thyme>,Benign,28,-1,48
<21313198.1075842272911.JavaMail.evans@thyme>,Benign,17,-1,1
<32094849.1075858679668.JavaMail.evans@thyme>,Benign,38,-1,38
<42648.1075859027665.JavaMail.evans@thyme>,Benign,41,-1,1
<17728774.1075841523926.JavaMail.evans@thyme>,Benign,9,-1,7
<10429847.1075853347020.JavaMail.evans@thyme>,Benign,9,-1,59
<12980797.1075847151174.JavaMail.evans@thyme>,Benign,11,-1,55
<31106560.1075841724272.JavaMail.evans@thyme>,Benign,25,-1,19
<32570377.1075857032490.JavaMail.evans@thyme>,Benign,8,-1,19
<13745109.1075855550301.JavaMail.evans@thyme>,Benign,7,-1,4
<30560318.1075858682845.JavaMail.evans@thyme>,Benign,31,-1,9
<18247182.1075856592737.JavaMail.evans@thyme>,Benign,2,-1,43
<2078050.1075841723707.JavaMail.evans@thyme>,Benign,31,39,39
<26976087.1075841502715.JavaMail.evans@thyme>,Benign,2,-1,55
<1207407.1075842278610.JavaMail.evans@thyme>,Benign,2,-1,19
<8730941.1075844985324.JavaMail.evans@thyme>,Benign,2,-1,29
<31690289.1075846672569.JavaMail.evans@thyme>,Benign,3,-1,47
<19729839.1075842273601.JavaMail.evans@thyme>,Benign,2,-1,55
<26837744.1075851981204.JavaMail.evans@thyme>,Benign,8,-1,10
<7896702.1075842285414.JavaMail.evans@thyme>,Benign,3,-1,19
<16022781.1075847148370.JavaMail.evans@thyme>,Benign,2,-1,55
<26882359.1075842276948.JavaMail.evans@thyme>,Benign,9,-1,68
<16567776.1075858680751.JavaMail.evans@thyme>,Benign,7,-1,38
<1761804.1075856587135.JavaMail.evans@thyme>,Benign,3,-1,42
<31313774.1075840778031.JavaMail.evans@thyme>,Benign,8,-1,43
<3102448.1075845227119.JavaMail.evans@thyme>,Benign,9,-1,68
<21873552.1075861018019.JavaMail.evans@thyme>,Benign,7,-1,3
<6204085.1075842276681.JavaMail.evans@thyme>,Benign,8,-1,22
<11309685.1075846750611.JavaMail.evans@thyme>,Benign,3,-1,7
<33477182.1075860473217.JavaMail.evans@thyme>,Benign,9,-1,47
<4126804.1075855557016.JavaMail.evans@thyme>,Benign,19,42,13
<16517013.1075840797106.JavaMail.evans@thyme>,Benign,2,-1,43
<15999810.1075858681809.JavaMail.evans@thyme>,Benign,28,-1,48
<31570369.1075861168312.JavaMail.evans@thyme>,Benign,2,-1,55
<19918276.1075855560921.JavaMail.evans@thyme>,Benign,41,-1,9
<31572985.1075841505385.JavaMail.evans@thyme>,Benign,3,-1,7
<15360309.1075860469940.JavaMail.evans@thyme>,Benign,24,-1,36
<6789887.1075858697208.JavaMail.evans@thyme>,Benign,29,-1,42
<20979382.1075851980104.JavaMail.evans@thyme>,Benign,29,-1,42
<22121426.1075862205111.JavaMail.evans@thyme>,Benign,2,-1,3
<33251308.1075858187160.JavaMail.evans@thyme>,Benign,9,-1,47
<19468200.1075858679716.JavaMail.evans@thyme>,Benign,2,-1,48
<10700742.1075842276589.JavaMail.evans@thyme>,Benign,3,-1,3
<9569275.1075860473846.JavaMail.evans@thyme>,Benign,8,-1,22
<18453938.1075862206334.JavaMail.evans@thyme>,Benign,1,41,23
<28174559.1075842280642.JavaMail.evans@thyme>,Benign,2,-1,55
<32127627.1075856590397.JavaMail.evans@thyme>,Benign,2,-1,43
<21892955.1075858682764.JavaMail.evans@thyme>,Benign,1,46,23
<29099196.1075860478516.JavaMail.evans@thyme>,Benign,3,-1,67
<23214864.1075856643264.JavaMail.evans@thyme>,Benign,2,-1,55
<23692968.1075861017181.JavaMail.evans@thyme>,Benign,7,-1,3
<15402928.1075856588902.JavaMail.evans@thyme>,Benign,29,-1,42
<10071227.1075862415046.JavaMail.evans@thyme>,Benign,29,-1,42
<23734328.1075841512274.JavaMail.evans@thyme>,Benign,2,-1,55
<19071728.1075851980824.JavaMail.evans@thyme>,Benign,8,-1,22
<26785021.1075851980276.JavaMail.evans@thyme>,Benign,8,-1,10
<7984184.1075841505231.JavaMail.evans@thyme>,Benign,38,-1,38
<28378856.1075862414974.JavaMail.evans@thyme>,Benign,29,-1,60
<1201936.1075841525978.JavaMail.evans@thyme>,Benign,3,-1,7
<32183070.1075856642404.JavaMail.evans@thyme>,Benign,2,-1,55
<18636537.1075861168358.JavaMail.evans@thyme>,Benign,2,-1,22
<25328107.1075855549525.JavaMail.evans@thyme>,Benign,19,-1,13
<25562093.1075842275747.JavaMail.evans@thyme>,Benign,25,-1,67
<25114592.1075860480038.JavaMail.evans@thyme>,Benign,3,-1,38
<15762857.1075842275520.JavaMail.evans@thyme>,Benign,25,-1,61
<31120621.1075841508137.JavaMail.evans@thyme>,Benign,8,-1,22
<4923676.1075856589288.JavaMail.evans@thyme>,Benign,8,-1,10
<608430.1075844220767.JavaMail.evans@thyme>,Benign,8,-1,10
<31542869.1075860791751.JavaMail.evans@thyme>,Benign,2,-1,62
<26155949.1075860476352.JavaMail.evans@thyme>,Benign,28,-1,7
<5671219.1075858187181.JavaMail.evans@thyme>,Benign,9,-1,47
<21125730.1075855550196.JavaMail.evans@thyme>,Benign,19,-1,13
<19465220.1075844984948.JavaMail.evans@thyme>,Benign,2,-1,61
<1515110.1075860475893.JavaMail.evans@thyme>,Benign,31,39,39
<20882182.1075858678604.JavaMail.evans@thyme>,Benign,7,-1,3
<2749039.1075856641181.JavaMail.evans@thyme>,Benign,2,-1,43
<23667113.1075862332129.JavaMail.evans@thyme>,Benign,2,-1,19
<12358527.1075842281851.JavaMail.evans@thyme>,Benign,29,-1,37
<3722936.1075842277469.JavaMail.evans@thyme>,Benign,25,-1,61
<22070478.1075847464359.JavaMail.evans@thyme>,Benign,29,-1,60
<26882923.1075842282741.JavaMail.evans@thyme>,Benign,28,-1,37
<19475872.1075847149368.JavaMail.evans@thyme>,Benign,11,-1,68
<1534206.1075841521184.JavaMail.evans@thyme>,Benign,29,-1,62
<21678707.1075847149942.JavaMail.evans@thyme>,Benign,39,38,60
<8865640.1075862203942.JavaMail.evans@thyme>,Benign,1,46,23
<31064399.1075844985645.JavaMail.evans@thyme>,Benign,29,-1,42
<7653104.1075851581231.JavaMail.evans@thyme>,Benign,9,-1,18
<32397624.1075847147761.JavaMail.evans@thyme>,Benign,11,-1,64
<12852474.1075844984383.JavaMail.evans@thyme>,Benign,8,-1,10
<6858650.1075846659673.JavaMail.evans@thyme>,Benign,3,-1,7
<3208428.1075842284889.JavaMail.evans@thyme>,Benign,25,-1,61
<27670725.1075858681033.JavaMail.evans@thyme>,Benign,28,-1,48
<6870264.1075844222213.JavaMail.evans@thyme>,Benign,8,-1,42
<994176.1075847151224.JavaMail.evans@thyme>,Benign,39,38,60
<24395981.1075859455743.JavaMail.evans@thyme>,Benign,28,-1,48
<28025951.1075859024812.JavaMail.evans@thyme>,Benign,7,-1,62
<2783872.1075860468976.JavaMail.evans@thyme>,Benign,24,47,36
<12219624.1075862332221.JavaMail.evans@thyme>,Benign,3,-1,3
<9745669.1075856590881.JavaMail.evans@thyme>,Benign,2,-1,55
<23518901.1075855583994.JavaMail.evans@thyme>,Benign,2,-1,3
<23680278.1075858678675.JavaMail.evans@thyme>,Benign,28,-1,48
<13297468.1075856641598.JavaMail.evans@thyme>,Benign,2,-1,55
<3624175.1075858999401.JavaMail.evans@thyme>,Benign,9,-1,18
<5969880.1075842280759.JavaMail.evans@thyme>,Benign,25,-1,61
<29766128.1075859026598.JavaMail.evans@thyme>,Benign,29,-1,60
<31708742.1075855552948.JavaMail.evans@thyme>,Benign,19,-1,13
<24927621.1075858681667.JavaMail.evans@thyme>,Benign,4,-1,7
<14217292.1075844986248.JavaMail.evans@thyme>,Benign,7,-1,48
<2559355.1075851750323.JavaMail.evans@thyme>,Benign,2,-1,19
<31441447.1075844986983.JavaMail.evans@thyme>,Benign,3,-1,43
<3975300.1075855554185.JavaMail.evans@thyme>,Benign,19,-1,13
<25091834.1075847148120.JavaMail.evans@thyme>,Benign,11,-1,64
<29664079.1075863606676.JavaMail.evans@thyme>,Benign,38,-1,38
<6700765.1075853922730.JavaMail.evans@thyme>,Benign,3,-1,67
<17901660.1075859027572.JavaMail.evans@thyme>,Benign,3,-1,38
<9723479.1075842276544.JavaMail.evans@thyme>,Benign,25,-1,61
<17756571.1075842282950.JavaMail.evans@thyme>,Benign,8,-1,22
<4014840.1075855557632.JavaMail.evans@thyme>,Benign,9,-1,29
<7310884.1075844221214.JavaMail.evans@thyme>,Benign,8,-1,22
<33104289.1075855557678.JavaMail.evans@thyme>,Benign,22,-1,66
<16373982.1075856588698.JavaMail.evans@thyme>,Benign,25,-1,61
<9876157.1075858680808.JavaMail.evans@thyme>,Benign,31,39,39
<9295627.1075841518569.JavaMail.evans@thyme>,Benign,2,-1,62
<16635578.1075842279025.JavaMail.evans@thyme>,Benign,25,-1,61
<32577584.1075847144997.JavaMail.evans@thyme>,Benign,11,-1,64
<25852895.1075857033866.JavaMail.evans@thyme>,Benign,29,-1,42
<27111914.1075858622229.JavaMail.evans@thyme>,Benign,2,-1,55
<22624979.1075846747569.JavaMail.evans@thyme>,Benign,3,-1,62
<26957302.1075851981324.JavaMail.evans@thyme>,Benign,8,-1,22
<32357204.1075855553999.JavaMail.evans@thyme>,Benign,7,-1,38
<29075566.1075842278814.JavaMail.evans@thyme>,Benign,2,-1,37
<7828408.1075860474883.JavaMail.evans@thyme>,Benign,28,-1,37
<5780699.1075857033769.JavaMail.evans@thyme>,Benign,2,-1,55
<24868030.1075855549348.JavaMail.evans@thyme>,Benign,19,42,13
<4081534.1075860475320.JavaMail.evans@thyme>,Benign,3,-1,22
<28105821.1075847464013.JavaMail.evans@thyme>,Benign,2,-1,19
<24884791.1075844220311.JavaMail.evans@thyme>,Benign,31,39,39
<1540516.1075862205603.JavaMail.evans@thyme>,Benign,7,-1,18
<1112364.1075860469310.JavaMail.evans@thyme>,Benign,24,47,36
<19659301.1075842277856.JavaMail.evans@thyme>,Benign,2,-1,19
<21179178.1075860468727.JavaMail.evans@thyme>,Benign,24,47,36
<9120156.1075842281327.JavaMail.evans@thyme>,Benign,25,-1,61
<9069779.1075855929592.JavaMail.evans@thyme>,Benign,2,-1,59
<28356090.1075842285166.JavaMail.evans@thyme>,Benign,28,-1,37
<2860992.1075856587477.JavaMail.evans@thyme>,Benign,3,-1,29
<13099530.1075842278881.JavaMail.evans@thyme>,Benign,3,-1,3
<13852511.1075840095138.JavaMail.evans@thyme>,Benign,29,-1,37
<27012815.1075847145812.JavaMail.evans@thyme>,Benign,8,-1,10
<17420525.1075860477624.JavaMail.evans@thyme>,Benign,28,-1,48
<11345196.1075855547389.JavaMail.evans@thyme>,Benign,17,-1,9
<14349983.1075859027881.JavaMail.evans@thyme>,Benign,7,-1,18
<18648440.1075855552009.JavaMail.evans@thyme>,Benign,17,-1,1
<25960487.1075862205024.JavaMail.evans@thyme>,Benign,3,-1,3
<12230136.1075856591466.JavaMail.evans@thyme>,Benign,2,-1,29
<17453574.1075860479195.JavaMail.evans@thyme>,Benign,8,-1,22
<5720857.1075842280053.JavaMail.evans@thyme>,Benign,9,-1,68
<6407294.1075855553294.JavaMail.evans@thyme>,Benign,41,-1,42
<32222707.1075844221830.JavaMail.evans@thyme>,Benign,8,-1,67
<33219913.1075858679454.JavaMail.evans@thyme>,Benign,28,-1,48
<6801771.1075856588239.JavaMail.evans@thyme>,Benign,2,-1,55
<33229345.1075842277355.JavaMail.evans@thyme>,Benign,3,-1,19
<3085136.1075855547805.JavaMail.evans@thyme>,Benign,17,-1,9
<19776346.1075856589749.JavaMail.evans@thyme>,Benign,2,-1,67
<24019913.1075847150591.JavaMail.evans@thyme>,Benign,11,-1,64
<12918006.1075847145836.JavaMail.evans@thyme>,Benign,29,43,60
<19745280.1075841426332.JavaMail.evans@thyme>,Benign,2,-1,55
<10089415.1075856593426.JavaMail.evans@thyme>,Benign,2,-1,43
<15259674.1075856589623.JavaMail.evans@thyme>,Benign,2,-1,29
<10487327.1075842286097.JavaMail.evans@thyme>,Benign,3,-1,7
<552180.1075856592538.JavaMail.evans@thyme>,Benign,2,-1,67
<22748913.1075860479551.JavaMail.evans@thyme>,Benign,3,-1,38
<30033539.1075847150638.JavaMail.evans@thyme>,Benign,11,-1,64
<28849973.1075863264713.JavaMail.evans@thyme>,Benign,17,-1,1
<32000088.1075842275431.JavaMail.evans@thyme>,Benign,7,-1,55
<32768659.1075856592161.JavaMail.evans@thyme>,Benign,2,-1,55
<28402150.1075842273647.JavaMail.evans@thyme>,Benign,9,-1,61
<11966732.1075847148166.JavaMail.evans@thyme>,Benign,8,-1,10
<27837851.1075862414762.JavaMail.evans@thyme>,Benign,29,-1,42
<9714322.1075856589019.JavaMail.evans@thyme>,Benign,2,-1,55
<30969231.1075846743754.JavaMail.evans@thyme>,Benign,3,-1,67
<10235602.1075858678020.JavaMail.evans@thyme>,Benign,7,-1,42
<12480918.1075858680855.JavaMail.evans@thyme>,Benign,3,-1,42
<23853402.1075853922815.JavaMail.evans@thyme>,Benign,28,-1,48
<31788978.1075861017159.JavaMail.evans@thyme>,Benign,28,-1,48
<27366528.1075855551943.JavaMail.evans@thyme>,Benign,19,42,13
<21435019.1075859456443.JavaMail.evans@thyme>,Benign,29,-1,37
<30162431.1075860469201.JavaMail.evans@thyme>,Benign,29,-1,37
<8246552.1075847466638.JavaMail.evans@thyme>,Benign,29,43,60
<31419552.1075856643197.JavaMail.evans@thyme>,Benign,2,-1,43
<8162574.1075844221641.JavaMail.evans@thyme>,Benign,8,-1,22
<2640448.1075862204440.JavaMail.evans@thyme>,Benign,25,-1,61
<1444918.1075846674639.JavaMail.evans@thyme>,Benign,11,-1,12
<13271804.1075844984799.JavaMail.evans@thyme>,Benign,7,-1,47
<19128512.1075855548192.JavaMail.evans@thyme>,Benign,31,39,39
<3463819.1075861017345.JavaMail.evans@thyme>,Benign,3,-1,7
<9176970.1075860477286.JavaMail.evans@thyme>,Benign,29,-1,37
<23008878.1075859027333.JavaMail.evans@thyme>,Benign,29,-1,42
<19214876.1075858680728.JavaMail.evans@thyme>,Benign,3,-1,42
<24646262.1075855555178.JavaMail.evans@thyme>,Benign,26,-1,57
<4948717.1075858682495.JavaMail.evans@thyme>,Benign,3,-1,3
<33506940.1075846660951.JavaMail.evans@thyme>,Benign,17,-1,9
<27241690.1075842282877.JavaMail.evans@thyme>,Benign,7,-1,18
<13695316.1075853346241.JavaMail.evans@thyme>,Benign,2,-1,19
<9197263.1075846672593.JavaMail.evans@thyme>,Benign,7,-1,18
<16582587.1075841506820.JavaMail.evans@thyme>,Benign,38,-1,38
<22282417.1075842279645.JavaMail.evans@thyme>,Benign,2,-1,19
<26217155.1075843949126.JavaMail.evans@thyme>,Benign,8,-1,10
<16996189.1075842285257.JavaMail.evans@thyme>,Benign,3,-1,67
<8422194.1075847149434.JavaMail.evans@thyme>,Benign,11,-1,64
<9356725.1075859455200.JavaMail.evans@thyme>,Benign,28,44,37
<17049872.1075842273276.JavaMail.evans@thyme>,Benign,9,-1,47
<28968519.1075855413531.JavaMail.evans@thyme>,Benign,29,-1,42
<31904614.1075844986647.JavaMail.evans@thyme>,Benign,31,39,39
<13781331.1075859455122.JavaMail.evans@thyme>,Benign,1,46,23
<15766084.1075847145858.JavaMail.evans@thyme>,Benign,11,-1,64
<8960565.1075841530844.JavaMail.evans@thyme>,Benign,28,-1,66
<9381966.1075847149822.JavaMail.evans@thyme>,Benign,11,-1,64
<27348192.1075859456923.JavaMail.evans@thyme>,Benign,3,-1,7
<27328606.1075853346264.JavaMail.evans@thyme>,Benign,2,-1,55
<13652516.1075858678881.JavaMail.evans@thyme>,Benign,38,-1,3
<24905851.1075842261461.JavaMail.evans@thyme>,Benign,8,-1,22
<8077360.1075842284047.JavaMail.evans@thyme>,Benign,25,-1,38
<10405093.1075842284162.JavaMail.evans@thyme>,Benign,3,-1,19
<12438262.1075846755990.JavaMail.evans@thyme>,Benign,29,-1,42
<32710110.1075862204014.JavaMail.evans@thyme>,Benign,3,-1,42
<32986724.1075856642103.JavaMail.evans@thyme>,Benign,2,-1,55
<7093979.1075856593147.JavaMail.evans@thyme>,Benign,8,-1,10
<5326030.1075846657334.JavaMail.evans@thyme>,Benign,9,-1,59
<14108588.1075847466383.JavaMail.evans@thyme>,Benign,11,-1,64
<7060625.1075844984924.JavaMail.evans@thyme>,Benign,2,-1,29
<14763734.1075853922922.JavaMail.evans@thyme>,Benign,28,-1,18
<30797033.1075842279464.JavaMail.evans@thyme>,Benign,8,-1,22
<30885808.1075855557095.JavaMail.evans@thyme>,Benign,26,-1,57
<31272350.1075846665078.JavaMail.evans@thyme>,Benign,8,-1,22
<23578700.1075856641555.JavaMail.evans@thyme>,Benign,2,-1,29
<7973550.1075856592693.JavaMail.evans@thyme>,Benign,2,-1,29
<12767005.1075856587277.JavaMail.evans@thyme>,Benign,8,-1,29
<22994600.1075841502573.JavaMail.evans@thyme>,Benign,29,-1,42
<20900843.1075845512902.JavaMail.evans@thyme>,Benign,7,-1,18
<18814179.1075842280895.JavaMail.evans@thyme>,Benign,2,-1,55
<17098725.1075855559447.JavaMail.evans@thyme>,Benign,26,-1,57
<17414336.1075841723067.JavaMail.evans@thyme>,Benign,31,39,39
<6294429.1075855550451.JavaMail.evans@thyme>,Benign,17,-1,9
<614860.1075851980595.JavaMail.evans@thyme>,Benign,8,-1,22
<19959814.1075863264742.JavaMail.evans@thyme>,Benign,8,-1,22
<12277217.1075842285234.JavaMail.evans@thyme>,Benign,3,-1,61
<17253794.1075856593073.JavaMail.evans@thyme>,Benign,2,-1,43
<17069073.1075846657401.JavaMail.evans@thyme>,Benign,3,-1,37
<24152913.1075860475534.JavaMail.evans@thyme>,Benign,3,-1,42
<25208626.1075858682519.JavaMail.evans@thyme>,Benign,3,-1,42
<5303016.1075856592782.JavaMail.evans@thyme>,Benign,2,-1,55
<29642032.1075860479052.JavaMail.evans@thyme>,Benign,3,-1,10
<24515587.1075855556287.JavaMail.evans@thyme>,Benign,29,-1,9
<20336357.1075840094491.JavaMail.evans@thyme>,Benign,32,-1,48
<1669164.1075860475090.JavaMail.evans@thyme>,Benign,2,-1,7
<28920854.1075858678501.JavaMail.evans@thyme>,Benign,3,-1,3
<27704851.1075853666232.JavaMail.evans@thyme>,Benign,29,-1,60
<5825459.1075861016838.JavaMail.evans@thyme>,Benign,38,-1,47
<17029160.1075841528521.JavaMail.evans@thyme>,Benign,8,-1,38
<12004890.1075860472273.JavaMail.evans@thyme>,Benign,24,-1,36
<10031861.1075841506314.JavaMail.evans@thyme>,Benign,8,-1,22
<11727699.1075862206356.JavaMail.evans@thyme>,Benign,1,41,23
<16552085.1075862206039.JavaMail.evans@thyme>,Benign,28,-1,48
<26460444.1075855560245.JavaMail.evans@thyme>,Benign,40,40,4
<28691706.1075855548973.JavaMail.evans@thyme>,Benign,26,-1,57
<20562014.1075856592115.JavaMail.evans@thyme>,Benign,2,-1,43
<32163508.1075846676463.JavaMail.evans@thyme>,Benign,8,-1,22
<12664939.1075842281371.JavaMail.evans@thyme>,Benign,2,-1,19
<14293001.1075841516104.JavaMail.evans@thyme>,Benign,17,-1,1
<237600.1075861910590.JavaMail.evans@thyme>,Benign,8,-1,10
<11568429.1075844221973.JavaMail.evans@thyme>,Benign,29,-1,22
<30211699.1075862204627.JavaMail.evans@thyme>,Benign,7,-1,7
<24325107.1075858681080.JavaMail.evans@thyme>,Benign,3,-1,61
<27564404.1075851980413.JavaMail.evans@thyme>,Benign,29,-1,42
<23132690.1075851580964.JavaMail.evans@thyme>,Benign,7,-1,7
<25571201.1075862205820.JavaMail.evans@thyme>,Benign,8,-1,22
<2190503.1075844220435.JavaMail.evans@thyme>,Benign,8,-1,22
<16663438.1075856587631.JavaMail.evans@thyme>,Benign,2,-1,55
<27844145.1075847464382.JavaMail.evans@thyme>,Benign,8,-1,10
<12019005.1075842273158.JavaMail.evans@thyme>,Benign,8,-1,22
<27377251.1075842275791.JavaMail.evans@thyme>,Benign,3,-1,19
<13449876.1075842273468.JavaMail.evans@thyme>,Benign,8,-1,22
<7999549.1075857032629.JavaMail.evans@thyme>,Benign,2,-1,43
<32565213.1075858697233.JavaMail.evans@thyme>,Benign,8,-1,22
<12012940.1075847145530.JavaMail.evans@thyme>,Benign,29,-1,60
<24411284.1075856589772.JavaMail.evans@thyme>,Benign,8,-1,10
<19371774.1075844221488.JavaMail.evans@thyme>,Benign,8,-1,67
<30847040.1075860476843.JavaMail.evans@thyme>,Benign,8,-1,42
<14825327.1075847152146.JavaMail.evans@thyme>,Benign,8,-1,42
<19138452.1075856588081.JavaMail.evans@thyme>,Benign,8,-1,67
<2086388.1075842284912.JavaMail.evans@thyme>,Benign,25,-1,61
<2010554.1075855559775.JavaMail.evans@thyme>,Benign,41,-1,1
<26506429.1075858681645.JavaMail.evans@thyme>,Benign,4,-1,7
<8518283.1075856587002.JavaMail.evans@thyme>,Benign,2,-1,55
<17936775.1075856591149.JavaMail.evans@thyme>,Benign,2,-1,55
<12095004.1075856589064.JavaMail.evans@thyme>,Benign,3,-1,62
<32428782.1075859455696.JavaMail.evans@thyme>,Benign,42,-1,69
<31685333.1075847146107.JavaMail.evans@thyme>,Benign,11,-1,64
<15246604.1075857080251.JavaMail.evans@thyme>,Benign,2,-1,55
<19431414.1075860474058.JavaMail.evans@thyme>,Benign,28,-1,37
<9920797.1075844222189.JavaMail.evans@thyme>,Benign,8,-1,10
<19864294.1075860476331.JavaMail.evans@thyme>,Benign,28,-1,37
<14515269.1075860477603.JavaMail.evans@thyme>,Benign,8,-1,67
<5063023.1075862206221.JavaMail.evans@thyme>,Benign,8,-1,22
<213445.1075855555436.JavaMail.evans@thyme>,Benign,26,-1,57
<9594222.1075851980300.JavaMail.evans@thyme>,Benign,8,-1,10
<32063742.1075844221855.JavaMail.evans@thyme>,Benign,29,-1,22
<14648970.1075860476472.JavaMail.evans@thyme>,Benign,31,39,39
<21064365.1075855929975.JavaMail.evans@thyme>,Benign,2,-1,42
<5818425.1075842281349.JavaMail.evans@thyme>,Benign,9,-1,59
<2831709.1075857032697.JavaMail.evans@thyme>,Benign,2,-1,29
<26204938.1075856587188.JavaMail.evans@thyme>,Benign,2,-1,29
<8143828.1075860475600.JavaMail.evans@thyme>,Benign,17,-1,22
<31437039.1075858680984.JavaMail.evans@thyme>,Benign,7,-1,7
<13159784.1075842283839.JavaMail.evans@thyme>,Benign,7,-1,18
<33045198.1075856643331.JavaMail.evans@thyme>,Benign,2,-1,55
<2355597.1075842273298.JavaMail.evans@thyme>,Benign,3,-1,38
<13374845.1075841517064.JavaMail.evans@thyme>,Benign,38,-1,38
<19273615.1075855547577.JavaMail.evans@thyme>,Benign,38,-1,29
<29193368.1075841723749.JavaMail.evans@thyme>,Benign,31,39,39
<26646737.1075856589200.JavaMail.evans@thyme>,Benign,2,-1,55
<16992935.1075856587924.JavaMail.evans@thyme>,Benign,29,-1,42
<18938538.1075862332150.JavaMail.evans@thyme>,Benign,42,-1,69
<27984368.1075860477193.JavaMail.evans@thyme>,Benign,8,-1,22
<14018964.1075844985619.JavaMail.evans@thyme>,Benign,3,-1,29
<22259269.1075860478651.JavaMail.evans@thyme>,Benign,25,-1,61
<30478892.1075841517470.JavaMail.evans@thyme>,Benign,28,-1,37
<24095126.1075847146740.JavaMail.evans@thyme>,Benign,11,-1,7
<31003718.1075857033433.JavaMail.evans@thyme>,Benign,8,-1,22
<3941062.1075859456811.JavaMail.evans@thyme>,Benign,3,-1,7
<30518873.1075859457703.JavaMail.evans@thyme>,Benign,1,-1,23
<14319226.1075856642581.JavaMail.evans@thyme>,Benign,3,-1,43
<16870048.1075846660915.JavaMail.evans@thyme>,Benign,17,-1,9
<20509353.1075859455860.JavaMail.evans@thyme>,Benign,8,-1,22
<5397578.1075847149347.JavaMail.evans@thyme>,Benign,3,-1,7
<22986397.1075844985761.JavaMail.evans@thyme>,Benign,8,-1,10
<1652325.1075855550173.JavaMail.evans@thyme>,Benign,31,39,39
<26600323.1075846669072.JavaMail.evans@thyme>,Benign,2,-1,19
<27901006.1075841510775.JavaMail.evans@thyme>,Benign,3,-1,38
<24142525.1075858186138.JavaMail.evans@thyme>,Benign,7,-1,29
<5621000.1075855548089.JavaMail.evans@thyme>,Benign,41,-1,1
<18950904.1075860477264.JavaMail.evans@thyme>,Benign,8,-1,22
<4484468.1075859337827.JavaMail.evans@thyme>,Benign,9,-1,59
<30958569.1075842279345.JavaMail.evans@thyme>,Benign,3,-1,3
<18664208.1075846763302.JavaMail.evans@thyme>,Benign,9,-1,47
<3582037.1075841505840.JavaMail.evans@thyme>,Benign,22,-1,66
<26181918.1075846765718.JavaMail.evans@thyme>,Benign,38,-1,38
<11710963.1075859026394.JavaMail.evans@thyme>,Benign,7,-1,18
<12175596.1075856589332.JavaMail.evans@thyme>,Benign,3,-1,29
<21103370.1075860474404.JavaMail.evans@thyme>,Benign,28,-1,48
<25560451.1075844987130.JavaMail.evans@thyme>,Benign,2,-1,55
<14559035.1075855554353.JavaMail.evans@thyme>,Benign,19,42,13
<2902082.1075842275088.JavaMail.evans@thyme>,Benign,25,-1,61
<32620376.1075853922943.JavaMail.evans@thyme>,Benign,28,-1,18
<5421160.1075856591036.JavaMail.evans@thyme>,Benign,2,-1,29
<28022634.1075855553271.JavaMail.evans@thyme>,Benign,38,-1,38
<18102272.1075842278678.JavaMail.evans@thyme>,Benign,25,-1,61
<17810999.1075846744729.JavaMail.evans@thyme>,Benign,7,-1,1
<22418475.1075856588195.JavaMail.evans@thyme>,Benign,2,-1,43
<32965343.1075842274574.JavaMail.evans@thyme>,Benign,25,-1,61
<16062310.1075840095115.JavaMail.evans@thyme>,Benign,7,-1,47
<23523853.1075855561353.JavaMail.evans@thyme>,Benign,41,-1,9
<16658289.1075846667358.JavaMail.evans@thyme>,Benign,2,-1,43
<16771444.1075862095460.JavaMail.evans@thyme>,Benign,8,-1,22
<31159465.1075841724408.JavaMail.evans@thyme>,Benign,31,39,39
<18171808.1075842282379.JavaMail.evans@thyme>,Benign,9,-1,61
<10035387.1075860472943.JavaMail.evans@thyme>,Benign,8,-1,42
<11497338.1075858697279.JavaMail.evans@thyme>,Benign,29,-1,37
<29295530.1075841500677.JavaMail.evans@thyme>,Benign,2,-1,62
<23971584.1075844221350.JavaMail.evans@thyme>,Benign,29,-1,42
<32788499.1075847464769.JavaMail.evans@thyme>,Benign,29,-1,42
<18752707.1075860476922.JavaMail.evans@thyme>,Benign,29,-1,42
<11389249.1075841519335.JavaMail.evans@thyme>,Benign,7,-1,19
<11979809.1075847464478.JavaMail.evans@thyme>,Benign,8,-1,10
<29117014.1075857032379.JavaMail.evans@thyme>,Benign,8,-1,22
<18007573.1075842275634.JavaMail.evans@thyme>,Benign,25,-1,61
<10976088.1075860476149.JavaMail.evans@thyme>,Benign,28,-1,55
<23896450.1075860476440.JavaMail.evans@thyme>,Benign,9,-1,59
<19619700.1075847148516.JavaMail.evans@thyme>,Benign,11,-1,64
<23434868.1075844985965.JavaMail.evans@thyme>,Benign,7,-1,62
<28517220.1075856587091.JavaMail.evans@thyme>,Benign,2,-1,29
<13169935.1075847464336.JavaMail.evans@thyme>,Benign,8,-1,10
<23784335.1075862390960.JavaMail.evans@thyme>,Benign,9,-1,47
<11651877.1075840095186.JavaMail.evans@thyme>,Benign,7,-1,18
<16683611.1075842281460.JavaMail.evans@thyme>,Benign,38,-1,7
<30468073.1075842280098.JavaMail.evans@thyme>,Benign,3,-1,7
<16465097.1075846752349.JavaMail.evans@thyme>,Benign,3,-1,3
<25032385.1075841500948.JavaMail.evans@thyme>,Benign,29,-1,60
<32763433.1075856642244.JavaMail.evans@thyme>,Benign,2,-1,55
<4648141.1075846674564.JavaMail.evans@thyme>,Benign,7,-1,47
<11932906.1075860475862.JavaMail.evans@thyme>,Benign,28,-1,37
<30576384.1075862415506.JavaMail.evans@thyme>,Benign,29,-1,37
<5041340.1075852838805.JavaMail.evans@thyme>,Benign,3,-1,7
<7502654.1075855413452.JavaMail.evans@thyme>,Benign,3,-1,3
<10973656.1075858679787.JavaMail.evans@thyme>,Benign,8,-1,22
<24862949.1075860479598.JavaMail.evans@thyme>,Benign,2,-1,29
<25266874.1075856642537.JavaMail.evans@thyme>,Benign,29,-1,55
<3654036.1075858711653.JavaMail.evans@thyme>,Benign,8,-1,22
<28188444.1075844221616.JavaMail.evans@thyme>,Benign,8,-1,10
<26798233.1075856642269.JavaMail.evans@thyme>,Benign,2,-1,10
<18438098.1075847149699.JavaMail.evans@thyme>,Benign,11,-1,12
<30645227.1075855551921.JavaMail.evans@thyme>,Benign,40,40,4
<20767367.1075860480083.JavaMail.evans@thyme>,Benign,3,-1,38
<12851138.1075862095898.JavaMail.evans@thyme>,Benign,2,-1,55
<15857693.1075856590925.JavaMail.evans@thyme>,Benign,29,-1,42
<16026159.1075858677998.JavaMail.evans@thyme>,Benign,17,-1,9
<12921939.1075855551397.JavaMail.evans@thyme>,Benign,19,42,13
<6970135.1075842274101.JavaMail.evans@thyme>,Benign,3,-1,67
<24933037.1075847146018.JavaMail.evans@thyme>,Benign,11,-1,64
<7244678.1075842285845.JavaMail.evans@thyme>,Benign,7,-1,18
<14953736.1075862332269.JavaMail.evans@thyme>,Benign,38,-1,38
<32125353.1075859025158.JavaMail.evans@thyme>,Benign,22,-1,66
<22239751.1075846750215.JavaMail.evans@thyme>,Benign,7,-1,1
<4089620.1075855559492.JavaMail.evans@thyme>,Benign,38,-1,38
<15254140.1075860479847.JavaMail.evans@thyme>,Benign,8,-1,22
<11736562.1075855557167.JavaMail.evans@thyme>,Benign,29,-1,37
<22455058.1075842275201.JavaMail.evans@thyme>,Benign,2,-1,19
<3393549.1075842277878.JavaMail.evans@thyme>,Benign,2,-1,61
<15838309.1075860473623.JavaMail.evans@thyme>,Benign,8,-1,10
<21130511.1075858696841.JavaMail.evans@thyme>,Benign,29,-1,42
<20716497.1075846355466.JavaMail.evans@thyme>,Benign,2,-1,3
<526130.1075862414633.JavaMail.evans@thyme>,Benign,31,39,39
<31897865.1075851980692.JavaMail.evans@thyme>,Benign,8,-1,3
<30648750.1075858679692.JavaMail.evans@thyme>,Benign,2,-1,29
<1549045.1075842284934.JavaMail.evans@thyme>,Benign,3,-1,19
<10321525.1075856593513.JavaMail.evans@thyme>,Benign,2,-1,43
<23971375.1075847147737.JavaMail.evans@thyme>,Benign,3,-1,64
<9402630.1075841519183.JavaMail.evans@thyme>,Benign,38,-1,38
<13735468.1075855556074.JavaMail.evans@thyme>,Benign,3,-1,61
<8769913.1075855549325.JavaMail.evans@thyme>,Benign,31,39,39
<29213068.1075855550345.JavaMail.evans@thyme>,Benign,19,42,13
<19839913.1075852884091.JavaMail.evans@thyme>,Benign,29,-1,42
<32465220.1075860470133.JavaMail.evans@thyme>,Benign,24,-1,36
<22107632.1075841516707.JavaMail.evans@thyme>,Benign,38,-1,38
<18069486.1075847148463.JavaMail.evans@thyme>,Benign,11,-1,64
<29897573.1075846742932.JavaMail.evans@thyme>,Benign,7,-1,18
<4519930.1075847147850.JavaMail.evans@thyme>,Benign,11,-1,64
<23754435.1075855413007.JavaMail.evans@thyme>,Benign,8,-1,22
<30323014.1075844984266.JavaMail.evans@thyme>,Benign,8,-1,29
<33301660.1075858681218.JavaMail.evans@thyme>,Benign,3,-1,29
<32608458.1075861016815.JavaMail.evans@thyme>,Benign,28,-1,37
<21234290.1075841520586.JavaMail.evans@thyme>,Benign,7,-1,38
<14614332.1075846674542.JavaMail.evans@thyme>,Benign,9,-1,59
<27961797.1075859024955.JavaMail.evans@thyme>,Benign,29,-1,37
<30099828.1075842273941.JavaMail.evans@thyme>,Benign,25,-1,19
<26927664.1075841426377.JavaMail.evans@thyme>,Benign,2,-1,68
<22621740.1075841513973.JavaMail.evans@thyme>,Benign,28,-1,34
<18311859.1075858683022.JavaMail.evans@thyme>,Benign,1,41,23
<28263348.1075860472899.JavaMail.evans@thyme>,Benign,3,-1,19
<23289724.1075851981226.JavaMail.evans@thyme>,Benign,29,-1,37
<17489931.1075840878198.JavaMail.evans@thyme>,Benign,3,-1,48
<32202187.1075855552744.JavaMail.evans@thyme>,Benign,25,-1,19
<5517896.1075845512994.JavaMail.evans@thyme>,Benign,17,45,9
<12635902.1075851581013.JavaMail.evans@thyme>,Benign,9,-1,47
<19281080.1075841524665.JavaMail.evans@thyme>,Benign,22,-1,66
<16233724.1075842281305.JavaMail.evans@thyme>,Benign,17,-1,1
<28674787.1075860479443.JavaMail.evans@thyme>,Benign,25,-1,61
<4250399.1075862205304.JavaMail.evans@thyme>,Benign,25,-1,19
<16209649.1075844221997.JavaMail.evans@thyme>,Benign,29,-1,42
<14652372.1075860475938.JavaMail.evans@thyme>,Benign,8,-1,19
<6541715.1075855551504.JavaMail.evans@thyme>,Benign,17,-1,1
<1725351.1075847145163.JavaMail.evans@thyme>,Benign,29,43,60
<19430190.1075862205259.JavaMail.evans@thyme>,Benign,7,-1,3
<7288886.1075855551900.JavaMail.evans@thyme>,Benign,40,40,4
<7249487.1075858675957.JavaMail.evans@thyme>,Benign,7,-1,3
<11833469.1075857032402.JavaMail.evans@thyme>,Benign,2,-1,29
<22418801.1075855548821.JavaMail.evans@thyme>,Benign,40,40,4
<20185753.1075858676723.JavaMail.evans@thyme>,Benign,28,-1,48
<7261893.1075840095398.JavaMail.evans@thyme>,Benign,17,45,9
<678049.1075860474519.JavaMail.evans@thyme>,Benign,2,-1,55
<17617079.1075859455246.JavaMail.evans@thyme>,Benign,42,-1,69
<14613334.1075846745379.JavaMail.evans@thyme>,Benign,3,-1,67
<8173778.1075846751628.JavaMail.evans@thyme>,Benign,3,-1,67
<655312.1075860469790.JavaMail.evans@thyme>,Benign,24,-1,36
<18600608.1075841724318.JavaMail.evans@thyme>,Benign,3,-1,3
<666291.1075856642035.JavaMail.evans@thyme>,Benign,2,-1,55
<28483212.1075843949151.JavaMail.evans@thyme>,Benign,8,-1,10
<4622226.1075842274720.JavaMail.evans@thyme>,Benign,8,-1,22
<21317837.1075858679575.JavaMail.evans@thyme>,Benign,3,-1,22
<25266427.1075847148753.JavaMail.evans@thyme>,Benign,11,-1,64
<21762741.1075847146628.JavaMail.evans@thyme>,Benign,11,-1,64
<23429482.1075859454427.JavaMail.evans@thyme>,Benign,7,-1,7
<26029074.1075842278632.JavaMail.evans@thyme>,Benign,3,-1,47
<32490103.1075846748622.JavaMail.evans@thyme>,Benign,17,-1,1
<24707768.1075842275769.JavaMail.evans@thyme>,Benign,3,-1,19
<32076139.1075841520485.JavaMail.evans@thyme>,Benign,8,-1,22
<5450403.1075847464140.JavaMail.evans@thyme>,Benign,29,-1,60
<2202125.1075847148258.JavaMail.evans@thyme>,Benign,11,-1,12
<1938948.1075841722888.JavaMail.evans@thyme>,Benign,31,39,39
<25836980.1075847148054.JavaMail.evans@thyme>,Benign,8,-1,10
<5213603.1075860953653.JavaMail.evans@thyme>,Benign,7,-1,68
<14816169.1075847149481.JavaMail.evans@thyme>,Benign,11,-1,12
<24698541.1075860469424.JavaMail.evans@thyme>,Benign,24,47,36
<14045251.1075858677303.JavaMail.evans@thyme>,Benign,31,39,39
<1946714.1075856587454.JavaMail.evans@thyme>,Benign,2,-1,55
<12710700.1075841525832.JavaMail.evans@thyme>,Benign,28,-1,66
<22763395.1075840094344.JavaMail.evans@thyme>,Benign,2,-1,18
<16587855.1075861017996.JavaMail.evans@thyme>,Benign,3,-1,62
<24034031.1075860473128.JavaMail.evans@thyme>,Benign,38,-1,61
<12399470.1075847150135.JavaMail.evans@thyme>,Benign,11,-1,64
<1848362.1075856589925.JavaMail.evans@thyme>,Benign,7,-1,3
<5608824.1075851581036.JavaMail.evans@thyme>,Benign,7,-1,7
<4944048.1075855555627.JavaMail.evans@thyme>,Benign,41,-1,9
<25930522.1075847149894.JavaMail.evans@thyme>,Benign,39,38,60
<9288650.1075856588059.JavaMail.evans@thyme>,Benign,2,-1,55
<30025918.1075859455822.JavaMail.evans@thyme>,Benign,38,-1,38
<23210175.1075841722498.JavaMail.evans@thyme>,Benign,31,39,39
<759544.1075842277400.JavaMail.evans@thyme>,Benign,9,-1,59
<16257052.1075844220339.JavaMail.evans@thyme>,Benign,8,-1,22
<12307838.1075859026513.JavaMail.evans@thyme>,Benign,3,-1,29
<13985082.1075858680655.JavaMail.evans@thyme>,Benign,1,46,23
<20016357.1075847466474.JavaMail.evans@thyme>,Benign,11,-1,64
<18111886.1075856642012.JavaMail.evans@thyme>,Benign,2,-1,43
<23061945.1075842285458.JavaMail.evans@thyme>,Benign,7,-1,18
<21787654.1075855815427.JavaMail.evans@thyme>,Benign,29,-1,42
<31387065.1075856587544.JavaMail.evans@thyme>,Benign,25,-1,61
<1963576.1075847464674.JavaMail.evans@thyme>,Benign,29,-1,60
<24457054.1075862206133.JavaMail.evans@thyme>,Benign,8,-1,42
<26780448.1075841525410.JavaMail.evans@thyme>,Benign,22,-1,66
<24053015.1075860476663.JavaMail.evans@thyme>,Benign,8,-1,29
<16711072.1075855555224.JavaMail.evans@thyme>,Benign,19,-1,13
<9544049.1075857033658.JavaMail.evans@thyme>,Benign,2,-1,55
<16125771.1075853922708.JavaMail.evans@thyme>,Benign,28,-1,48
<1966012.1075862206407.JavaMail.evans@thyme>,Benign,1,41,23
<29303765.1075856593381.JavaMail.evans@thyme>,Benign,8,-1,10
<7749817.1075858677097.JavaMail.evans@thyme>,Benign,1,46,23
<24281131.1075842284776.JavaMail.evans@thyme>,Benign,3,-1,38
<24569581.1075846753388.JavaMail.evans@thyme>,Benign,7,-1,1
<8491758.1075856588949.JavaMail.evans@thyme>,Benign,8,-1,10
<21738232.1075862206451.JavaMail.evans@thyme>,Benign,1,41,23
<4281449.1075860475023.JavaMail.evans@thyme>,Benign,28,-1,48
<13106049.1075851581061.JavaMail.evans@thyme>,Benign,3,-1,3
<30634905.1075860473413.JavaMail.evans@thyme>,Benign,8,-1,22
<26474935.1075860469963.JavaMail.evans@thyme>,Benign,24,-1,36
<17830870.1075841508900.JavaMail.evans@thyme>,Benign,2,-1,3
<11202079.1075856642079.JavaMail.evans@thyme>,Benign,2,-1,55
<20149940.1075842273228.JavaMail.evans@thyme>,Benign,25,-1,61
<5501605.1075856592472.JavaMail.evans@thyme>,Benign,2,-1,43
<12396506.1075859457199.JavaMail.evans@thyme>,Benign,28,-1,48
<775647.1075840095583.JavaMail.evans@thyme>,Benign,7,-1,18
<30614139.1075858186190.JavaMail.evans@thyme>,Benign,31,-1,39
<29925743.1075841722325.JavaMail.evans@thyme>,Benign,31,39,39
<32122387.1075851981276.JavaMail.evans@thyme>,Benign,29,-1,42
<5707377.1075858187096.JavaMail.evans@thyme>,Benign,9,-1,47
<29936389.1075855549702.JavaMail.evans@thyme>,Benign,29,-1,39
<7091063.1075855559144.JavaMail.evans@thyme>,Benign,7,-1,3
<27222134.1075842275858.JavaMail.evans@thyme>,Benign,25,-1,61
<3173135.1075861017573.JavaMail.evans@thyme>,Benign,7,-1,47
<25167742.1075842275386.JavaMail.evans@thyme>,Benign,38,-1,38
<31842959.1075842277266.JavaMail.evans@thyme>,Benign,9,-1,59
<20892224.1075844985229.JavaMail.evans@thyme>,Benign,3,-1,37
<25026507.1075855551284.JavaMail.evans@thyme>,Benign,41,-1,42
<20033375.1075842272379.JavaMail.evans@thyme>,Benign,11,-1,19
<11546065.1075847466429.JavaMail.evans@thyme>,Benign,11,-1,64
<16058961.1075841513180.JavaMail.evans@thyme>,Benign,7,-1,62
<971934.1075847146265.JavaMail.evans@thyme>,Benign,3,-1,42
<27506280.1075842285936.JavaMail.evans@thyme>,Benign,4,-1,22
<4795239.1075853922979.JavaMail.evans@thyme>,Benign,38,-1,38
<13617655.1075842285711.JavaMail.evans@thyme>,Benign,28,-1,37
<8629880.1075842273206.JavaMail.evans@thyme>,Benign,8,-1,61
<25537058.1075862204182.JavaMail.evans@thyme>,Benign,25,-1,37
<23994103.1075855557145.JavaMail.evans@thyme>,Benign,17,-1,9
<19226497.1075860473502.JavaMail.evans@thyme>,Benign,29,-1,10
<7417261.1075860472498.JavaMail.evans@thyme>,Benign,7,-1,62
<17854712.1075862414658.JavaMail.evans@thyme>,Benign,7,-1,57
<10856860.1075855554041.JavaMail.evans@thyme>,Benign,7,-1,47
<17486305.1075863264554.JavaMail.evans@thyme>,Benign,7,-1,47
<5546260.1075847466024.JavaMail.evans@thyme>,Benign,29,-1,60
<4293018.1075842277062.JavaMail.evans@thyme>,Benign,25,-1,61
<9619242.1075856593177.JavaMail.evans@thyme>,Benign,3,-1,43
<17864674.1075856641451.JavaMail.evans@thyme>,Benign,2,-1,55
<3521923.1075856588420.JavaMail.evans@thyme>,Benign,8,-1,22
<28746034.1075856593913.JavaMail.evans@thyme>,Benign,2,-1,19
<27976384.1075855551815.JavaMail.evans@thyme>,Benign,41,-1,42
<15117635.1075859457749.JavaMail.evans@thyme>,Benign,7,-1,8
<12777354.1075858187245.JavaMail.evans@thyme>,Benign,9,-1,47
<22309606.1075858676453.JavaMail.evans@thyme>,Benign,3,-1,3
<26194114.1075855557946.JavaMail.evans@thyme>,Benign,41,-1,9
<7265739.1075855583903.JavaMail.evans@thyme>,Benign,2,-1,29
<3329411.1075857032514.JavaMail.evans@thyme>,Benign,8,-1,22
<23066084.1075856643150.JavaMail.evans@thyme>,Benign,2,-1,22
<7501160.1075847149390.JavaMail.evans@thyme>,Benign,11,-1,38
<22508100.1075859457424.JavaMail.evans@thyme>,Benign,38,-1,38
<16282826.1075842278791.JavaMail.evans@thyme>,Benign,3,-1,19
<9632218.1075862205060.JavaMail.evans@thyme>,Benign,25,-1,48
<18265830.1075842273512.JavaMail.evans@thyme>,Benign,9,-1,68
<17512087.1075842273579.JavaMail.evans@thyme>,Benign,3,-1,61
<31280421.1075841526276.JavaMail.evans@thyme>,Benign,28,-1,37
<8702495.1075842285504.JavaMail.evans@thyme>,Benign,25,-1,19
<10113408.1075846761249.JavaMail.evans@thyme>,Benign,7,-1,18
<15740221.1075860469607.JavaMail.evans@thyme>,Benign,24,47,36
<24103376.1075860468953.JavaMail.evans@thyme>,Benign,24,-1,36
<5824378.1075855929875.JavaMail.evans@thyme>,Benign,8,-1,22
<7937614.1075860476072.JavaMail.evans@thyme>,Benign,8,-1,29
<9221571.1075851981420.JavaMail.evans@thyme>,Benign,29,-1,42
<21788801.1075860479577.JavaMail.evans@thyme>,Benign,8,-1,10
<13136086.1075856642174.JavaMail.evans@thyme>,Benign,2,-1,10
<28411831.1075856591801.JavaMail.evans@thyme>,Benign,3,-1,37
<40257.1075857033199.JavaMail.evans@thyme>,Benign,2,-1,29
<16544885.1075842274995.JavaMail.evans@thyme>,Benign,25,-1,61
<17483800.1075858676909.JavaMail.evans@thyme>,Benign,28,-1,48
<4487767.1075856590653.JavaMail.evans@thyme>,Benign,3,-1,67
<25454614.1075860475817.JavaMail.evans@thyme>,Benign,29,-1,42
<20642299.1075861016930.JavaMail.evans@thyme>,Benign,7,-1,38
<22284824.1075855551527.JavaMail.evans@thyme>,Benign,38,-1,38
<8582702.1075844220197.JavaMail.evans@thyme>,Benign,29,-1,42
<29147380.1075855552699.JavaMail.evans@thyme>,Benign,7,-1,18
<5451469.1075851980458.JavaMail.evans@thyme>,Benign,29,-1,42
<32007371.1075859026302.JavaMail.evans@thyme>,Benign,7,-1,18
<23799416.1075847145021.JavaMail.evans@thyme>,Benign,29,43,60
<21929886.1075855501093.JavaMail.evans@thyme>,Benign,8,-1,10
<33158987.1075858187294.JavaMail.evans@thyme>,Benign,9,-1,47
<32961174.1075839924362.JavaMail.evans@thyme>,Benign,7,-1,18
<26878493.1075856588396.JavaMail.evans@thyme>,Benign,2,-1,43
<29265569.1075846756504.JavaMail.evans@thyme>,Benign,9,-1,68
<28339378.1075858677239.JavaMail.evans@thyme>,Benign,3,-1,3
<24113260.1075842277222.JavaMail.evans@thyme>,Benign,9,-1,59
<32581357.1075851981443.JavaMail.evans@thyme>,Benign,29,-1,42
<15657159.1075847148347.JavaMail.evans@thyme>,Benign,3,-1,67
<18545018.1075860473795.JavaMail.evans@thyme>,Benign,31,39,39
<1224407.1075847145880.JavaMail.evans@thyme>,Benign,11,-1,12
<812718.1075860477217.JavaMail.evans@thyme>,Benign,3,-1,67
<32673282.1075859455434.JavaMail.evans@thyme>,Benign,28,44,37
<23454823.1075841502228.JavaMail.evans@thyme>,Benign,29,-1,42
<31352606.1075855559632.JavaMail.evans@thyme>,Benign,41,-1,60
<31281415.1075853346397.JavaMail.evans@thyme>,Benign,2,-1,38
<15086568.1075856592048.JavaMail.evans@thyme>,Benign,8,-1,22
<28223221.1075858680350.JavaMail.evans@thyme>,Benign,38,-1,38
<18329060.1075856593008.JavaMail.evans@thyme>,Benign,29,-1,37
<18503682.1075856587945.JavaMail.evans@thyme>,Benign,2,-1,55
<26998242.1075855555698.JavaMail.evans@thyme>,Benign,41,-1,60
<30121092.1075842284956.JavaMail.evans@thyme>,Benign,2,-1,68
<22352731.1075842283594.JavaMail.evans@thyme>,Benign,9,-1,61
<10439677.1075862203132.JavaMail.evans@thyme>,Benign,17,-1,9
<19168740.1075855551375.JavaMail.evans@thyme>,Benign,40,40,4
<32537500.1075844220222.JavaMail.evans@thyme>,Benign,8,-1,10
<28109911.1075842272776.JavaMail.evans@thyme>,Benign,9,-1,68
<12177174.1075857033034.JavaMail.evans@thyme>,Benign,7,-1,7
<32814346.1075862415022.JavaMail.evans@thyme>,Benign,2,-1,55
<20769543.1075841527328.JavaMail.evans@thyme>,Benign,25,-1,7
<1741452.1075859456878.JavaMail.evans@thyme>,Benign,3,-1,7
<1880293.1075846673941.JavaMail.evans@thyme>,Benign,9,-1,59
<20304500.1075845086114.JavaMail.evans@thyme>,Benign,8,-1,10
<28351650.1075860476283.JavaMail.evans@thyme>,Benign,8,-1,22
<18180868.1075860478360.JavaMail.evans@thyme>,Benign,8,-1,22
<15729865.1075842278747.JavaMail.evans@thyme>,Benign,2,-1,55
<767773.1075842285549.JavaMail.evans@thyme>,Benign,2,-1,19
<9871888.1075842276249.JavaMail.evans@thyme>,Benign,9,-1,59
<5829711.1075848281777.JavaMail.evans@thyme>,Benign,2,-1,3
<59806.1075841514022.JavaMail.evans@thyme>,Benign,7,-1,62
<438711.1075860468866.JavaMail.evans@thyme>,Benign,24,-1,36
<5555457.1075859454646.JavaMail.evans@thyme>,Benign,7,-1,22
<32880038.1075842280851.JavaMail.evans@thyme>,Benign,3,-1,19
<4945149.1075855553975.JavaMail.evans@thyme>,Benign,26,-1,57
<12034815.1075860469539.JavaMail.evans@thyme>,Benign,24,-1,36
<8042691.1075858697111.JavaMail.evans@thyme>,Benign,29,-1,42
<32639698.1075862205327.JavaMail.evans@thyme>,Benign,29,-1,42
<13926604.1075842279623.JavaMail.evans@thyme>,Benign,9,-1,68
<32447881.1075855413342.JavaMail.evans@thyme>,Benign,8,-1,10
<32658390.1075841524358.JavaMail.evans@thyme>,Benign,29,-1,42
<24463126.1075861862725.JavaMail.evans@thyme>,Benign,29,-1,42
<10535771.1075841529425.JavaMail.evans@thyme>,Benign,3,-1,22
<32792332.1075847147872.JavaMail.evans@thyme>,Benign,11,-1,64
<32794187.1075847149109.JavaMail.evans@thyme>,Benign,11,-1,64
<6988179.1075844983934.JavaMail.evans@thyme>,Benign,3,-1,62
<5923520.1075851980572.JavaMail.evans@thyme>,Benign,3,-1,67
<31256094.1075844221255.JavaMail.evans@thyme>,Benign,31,39,39
<24296476.1075855555674.JavaMail.evans@thyme>,Benign,41,-1,39
<15627346.1075856590293.JavaMail.evans@thyme>,Benign,2,-1,55
<6859872.1075862414681.JavaMail.evans@thyme>,Benign,3,-1,48
<10700270.1075855583925.JavaMail.evans@thyme>,Benign,29,-1,37
<16578241.1075842283506.JavaMail.evans@thyme>,Benign,2,-1,19
<13699242.1075843949069.JavaMail.evans@thyme>,Benign,8,-1,42
<1531802.1075847147515.JavaMail.evans@thyme>,Benign,29,-1,42
<20711843.1075856591194.JavaMail.evans@thyme>,Benign,2,-1,43
<13840858.1075860472741.JavaMail.evans@thyme>,Benign,17,-1,9
<8780136.1075858711698.JavaMail.evans@thyme>,Benign,29,-1,60
<8949763.1075841526870.JavaMail.evans@thyme>,Benign,29,-1,62
<10784885.1075862414581.JavaMail.evans@thyme>,Benign,28,-1,7
<13724407.1075844985070.JavaMail.evans@thyme>,Benign,7,-1,18
<17807841.1075841521559.JavaMail.evans@thyme>,Benign,38,-1,38
<30061262.1075859455012.JavaMail.evans@thyme>,Benign,28,-1,48
<19129515.1075858999356.JavaMail.evans@thyme>,Benign,9,-1,18
<17170328.1075855815471.JavaMail.evans@thyme>,Benign,2,-1,68
<28629623.1075842280212.JavaMail.evans@thyme>,Benign,2,-1,19
<12218157.1075842282424.JavaMail.evans@thyme>,Benign,7,-1,18
<5865312.1075847150689.JavaMail.evans@thyme>,Benign,39,38,60
<27844995.1075847146288.JavaMail.evans@thyme>,Benign,3,-1,42
<10083996.1075855550082.JavaMail.evans@thyme>,Benign,7,-1,7
<9339894.1075844220150.JavaMail.evans@thyme>,Benign,11,-1,7
<25388972.1075841507909.JavaMail.evans@thyme>,Benign,22,-1,66
<24547195.1075847149600.JavaMail.evans@thyme>,Benign,11,-1,64
<2720304.1075855929664.JavaMail.evans@thyme>,Benign,8,-1,10
<6462808.1075862415410.JavaMail.evans@thyme>,Benign,8,-1,22
<4020027.1075858676078.JavaMail.evans@thyme>,Benign,2,-1,55
<27417762.1075856588533.JavaMail.evans@thyme>,Benign,28,-1,48
<29399945.1075860916266.JavaMail.evans@thyme>,Benign,2,-1,68
<32601844.1075846656785.JavaMail.evans@thyme>,Benign,25,-1,55
<18038763.1075842281605.JavaMail.evans@thyme>,Benign,25,-1,61
<30978786.1075856588262.JavaMail.evans@thyme>,Benign,29,-1,42
<14894682.1075847144883.JavaMail.evans@thyme>,Benign,11,-1,64
<16206149.1075847146493.JavaMail.evans@thyme>,Benign,2,-1,19
<7104810.1075857032741.JavaMail.evans@thyme>,Benign,3,-1,62
<1834132.1075847145437.JavaMail.evans@thyme>,Benign,11,-1,61
<17621777.1075840996042.JavaMail.evans@thyme>,Benign,7,-1,48
<17924018.1075855413625.JavaMail.evans@thyme>,Benign,7,-1,8
<12879404.1075846763371.JavaMail.evans@thyme>,Benign,3,-1,67
<14319397.1075855556052.JavaMail.evans@thyme>,Benign,3,-1,67
<3583059.1075857032266.JavaMail.evans@thyme>,Benign,2,-1,55
<8115691.1075860475069.JavaMail.evans@thyme>,Benign,8,-1,22
<11592424.1075851581257.JavaMail.evans@thyme>,Benign,7,-1,7
<228589.1075842281260.JavaMail.evans@thyme>,Benign,7,-1,18
<17456856.1075842283370.JavaMail.evans@thyme>,Benign,7,-1,18
<29488403.1075851580988.JavaMail.evans@thyme>,Benign,9,-1,7
<14083517.1075860476593.JavaMail.evans@thyme>,Benign,2,-1,7
<2997294.1075856593491.JavaMail.evans@thyme>,Benign,2,-1,38
<17985579.1075842284539.JavaMail.evans@thyme>,Benign,2,-1,19
<6545399.1075855559394.JavaMail.evans@thyme>,Benign,38,-1,38
<32491231.1075859457659.JavaMail.evans@thyme>,Benign,28,44,37
<7137724.1075844222023.JavaMail.evans@thyme>,Benign,8,-1,10
<26406214.1075844987225.JavaMail.evans@thyme>,Benign,3,-1,42
<23230584.1075858186162.JavaMail.evans@thyme>,Benign,3,-1,38
<33231256.1075855559902.JavaMail.evans@thyme>,Benign,17,-1,1
<29176354.1075842276612.JavaMail.evans@thyme>,Benign,25,-1,61
<1610068.1075847466591.JavaMail.evans@thyme>,Benign,2,-1,19
<19573231.1075853346513.JavaMail.evans@thyme>,Benign,25,-1,19
<26700424.1075859454529.JavaMail.evans@thyme>,Benign,1,46,23
<22453103.1075859454797.JavaMail.evans@thyme>,Benign,28,-1,37
<12377980.1075856593803.JavaMail.evans@thyme>,Benign,9,-1,47
<11198575.1075851581204.JavaMail.evans@thyme>,Benign,7,-1,47
<6975140.1075844987106.JavaMail.evans@thyme>,Benign,22,-1,66
<5032562.1075846760669.JavaMail.evans@thyme>,Benign,7,-1,18
<5613262.1075840777910.JavaMail.evans@thyme>,Benign,2,-1,29
<1667724.1075856593959.JavaMail.evans@thyme>,Benign,2,-1,29
<10522232.1075863606538.JavaMail.evans@thyme>,Benign,8,-1,38
<3153812.1075858186583.JavaMail.evans@thyme>,Benign,2,-1,55
<7073350.1075842275409.JavaMail.evans@thyme>,Benign,3,-1,19
<73109.1075840094298.JavaMail.evans@thyme>,Benign,17,45,9
<19633519.1075847146786.JavaMail.evans@thyme>,Benign,11,-1,64
<30123620.1075841524165.JavaMail.evans@thyme>,Benign,2,-1,55
<4268301.1075842284252.JavaMail.evans@thyme>,Benign,28,-1,48
<33344177.1075843949226.JavaMail.evans@thyme>,Benign,29,-1,42
<30689918.1075847464189.JavaMail.evans@thyme>,Benign,29,-1,60
<7983610.1075859024908.JavaMail.evans@thyme>,Benign,2,-1,55
<17087886.1075862095969.JavaMail.evans@thyme>,Benign,8,-1,22
<21614626.1075846355512.JavaMail.evans@thyme>,Benign,38,-1,38
<29172053.1075842280710.JavaMail.evans@thyme>,Benign,3,-1,19
<27397260.1075847466141.JavaMail.evans@thyme>,Benign,8,-1,10
<3432562.1075841520243.JavaMail.evans@thyme>,Benign,2,-1,55
<32630624.1075857032807.JavaMail.evans@thyme>,Benign,2,-1,43
<25787359.1075842279985.JavaMail.evans@thyme>,Benign,9,-1,59
<12351609.1075856643397.JavaMail.evans@thyme>,Benign,2,-1,55
<32616540.1075842279161.JavaMail.evans@thyme>,Benign,9,-1,68
<25446545.1075846758772.JavaMail.evans@thyme>,Benign,28,-1,59
<29211763.1075842275836.JavaMail.evans@thyme>,Benign,3,-1,48
<4580012.1075855556690.JavaMail.evans@thyme>,Benign,31,39,39
<4319694.1075859027382.JavaMail.evans@thyme>,Benign,29,-1,39
<2400489.1075855556724.JavaMail.evans@thyme>,Benign,31,39,39
<9707782.1075853346603.JavaMail.evans@thyme>,Benign,3,-1,67
<20941518.1075855552656.JavaMail.evans@thyme>,Benign,22,-1,66
<28912781.1075858711722.JavaMail.evans@thyme>,Benign,28,-1,48
<1503889.1075847149800.JavaMail.evans@thyme>,Benign,39,38,60
<8025867.1075855556237.JavaMail.evans@thyme>,Benign,41,-1,9
<7887898.1075856641758.JavaMail.evans@thyme>,Benign,2,-1,10
<12496207.1075840496516.JavaMail.evans@thyme>,Benign,25,-1,19
<2536727.1075859026681.JavaMail.evans@thyme>,Benign,17,-1,1
<20430509.1075851539554.JavaMail.evans@thyme>,Benign,3,-1,3
<12368717.1075860475772.JavaMail.evans@thyme>,Benign,31,39,39
<4892939.1075859456674.JavaMail.evans@thyme>,Benign,3,-1,3
<28212025.1075855583487.JavaMail.evans@thyme>,Benign,29,-1,42
<3761791.1075860474956.JavaMail.evans@thyme>,Benign,3,-1,48
<27864275.1075857033567.JavaMail.evans@thyme>,Benign,7,-1,3
<20247003.1075841506046.JavaMail.evans@thyme>,Benign,3,-1,7
<7193956.1075860472521.JavaMail.evans@thyme>,Benign,7,-1,62
<22023748.1075855551626.JavaMail.evans@thyme>,Benign,7,-1,1
<31018757.1075840878055.JavaMail.evans@thyme>,Benign,2,-1,61
<15333313.1075841520049.JavaMail.evans@thyme>,Benign,2,-1,55
<14899765.1075856588743.JavaMail.evans@thyme>,Benign,28,-1,48
<13743873.1075855556656.JavaMail.evans@thyme>,Benign,41,-1,42
<13056100.1075847146695.JavaMail.evans@thyme>,Benign,11,-1,64
<32118258.1075841501000.JavaMail.evans@thyme>,Benign,38,-1,38
<20503311.1075855548951.JavaMail.evans@thyme>,Benign,2,-1,55
<9483673.1075842284978.JavaMail.evans@thyme>,Benign,9,-1,68
<5954942.1075859455269.JavaMail.evans@thyme>,Benign,9,-1,1
<10326100.1075842285823.JavaMail.evans@thyme>,Benign,2,-1,19
<17974312.1075861017401.JavaMail.evans@thyme>,Benign,3,-1,61
<9315253.1075847150616.JavaMail.evans@thyme>,Benign,39,38,60
<4579155.1075856590769.JavaMail.evans@thyme>,Benign,8,-1,67
<15266317.1075856587047.JavaMail.evans@thyme>,Benign,2,-1,55
<12671460.1075860473036.JavaMail.evans@thyme>,Benign,3,-1,42
<2766792.1075855553424.JavaMail.evans@thyme>,Benign,17,-1,1
<11765378.1075863643050.JavaMail.evans@thyme>,Benign,38,-1,38
<22287195.1075858187224.JavaMail.evans@thyme>,Benign,9,-1,47
<3397838.1075856587522.JavaMail.evans@thyme>,Benign,3,-1,55
<11496277.1075856593981.JavaMail.evans@thyme>,Benign,29,-1,42
<9060859.1075860478963.JavaMail.evans@thyme>,Benign,2,-1,55
<4515832.1075840878030.JavaMail.evans@thyme>,Benign,29,-1,42
<653157.1075842281555.JavaMail.evans@thyme>,Benign,25,-1,19
<7797400.1075855549631.JavaMail.evans@thyme>,Benign,41,-1,60
<31002473.1075856591488.JavaMail.evans@thyme>,Benign,2,-1,29
<6510065.1075841500447.JavaMail.evans@thyme>,Benign,28,-1,48
<16675983.1075839925411.JavaMail.evans@thyme>,Benign,9,-1,47
<6940186.1075842283617.JavaMail.evans@thyme>,Benign,3,-1,67
<3160479.1075859026928.JavaMail.evans@thyme>,Benign,38,-1,38
<7878043.1075860474978.JavaMail.evans@thyme>,Benign,28,-1,37
<27306021.1075858186006.JavaMail.evans@thyme>,Benign,29,-1,60
<26027136.1075856642649.JavaMail.evans@thyme>,Benign,2,-1,55
<12719392.1075857033457.JavaMail.evans@thyme>,Benign,8,-1,10
<24122635.1075842285616.JavaMail.evans@thyme>,Benign,25,-1,61
<5382511.1075860477506.JavaMail.evans@thyme>,Benign,29,-1,37
<5297431.1075844985596.JavaMail.evans@thyme>,Benign,3,-1,29
<1985578.1075842276087.JavaMail.evans@thyme>,Benign,8,-1,22
<143773.1075859454752.JavaMail.evans@thyme>,Benign,1,46,23
<11176059.1075856591600.JavaMail.evans@thyme>,Benign,3,-1,67
<21647820.1075856588126.JavaMail.evans@thyme>,Benign,2,-1,43
<32935638.1075855553653.JavaMail.evans@thyme>,Benign,41,-1,60
<4625163.1075856643125.JavaMail.evans@thyme>,Benign,2,-1,29
<8312853.1075856588331.JavaMail.evans@thyme>,Benign,29,-1,42
<20142969.1075856591437.JavaMail.evans@thyme>,Benign,29,-1,42
<8574993.1075841511455.JavaMail.evans@thyme>,Benign,31,-1,39
<14749401.1075851581132.JavaMail.evans@thyme>,Benign,28,-1,48
<22686441.1075842273129.JavaMail.evans@thyme>,Benign,9,-1,61
<10269974.1075861017320.JavaMail.evans@thyme>,Benign,38,-1,38
<17227051.1075856588510.JavaMail.evans@thyme>,Benign,25,-1,42
<23892165.1075855554697.JavaMail.evans@thyme>,Benign,19,-1,13
<13132227.1075857033843.JavaMail.evans@thyme>,Benign,8,-1,10
<19755624.1075844984143.JavaMail.evans@thyme>,Benign,8,-1,10
<24070917.1075842282335.JavaMail.evans@thyme>,Benign,9,-1,61
<17155173.1075860468556.JavaMail.evans@thyme>,Benign,24,47,36
<15756102.1075846742790.JavaMail.evans@thyme>,Benign,2,-1,55
<30212277.1075856591934.JavaMail.evans@thyme>,Benign,8,-1,55
<25357250.1075856591510.JavaMail.evans@thyme>,Benign,2,-1,29
<15903674.1075853346420.JavaMail.evans@thyme>,Benign,3,-1,3
<32098479.1075847149577.JavaMail.evans@thyme>,Benign,39,38,60
<20678097.1075847148613.JavaMail.evans@thyme>,Benign,39,38,60
<880305.1075855559608.JavaMail.evans@thyme>,Benign,41,-1,1
<10323945.1075844221728.JavaMail.evans@thyme>,Benign,8,-1,10
<15308463.1075841724632.JavaMail.evans@thyme>,Benign,31,39,39
<28590029.1075857032851.JavaMail.evans@thyme>,Benign,2,-1,43
<11194784.1075847465037.JavaMail.evans@thyme>,Benign,2,-1,19
<10744475.1075856592582.JavaMail.evans@thyme>,Benign,7,-1,43
<19063215.1075842274347.JavaMail.evans@thyme>,Benign,2,-1,19
<28769812.1075845478108.JavaMail.evans@thyme>,Benign,2,-1,29
<11393956.1075855547781.JavaMail.evans@thyme>,Benign,41,-1,1
